iteration,train_loss,train_accuracy
50,0.6957,0.4850
100,0.6961,0.4791
150,0.6961,0.4825
200,0.6961,0.4834
250,0.6958,0.4851
300,0.6960,0.4831
350,0.6959,0.4837
400,0.6956,0.4859
450,0.6956,0.4860
500,0.6955,0.4868
550,0.6957,0.4865
600,0.6956,0.4865
650,0.6956,0.4860
700,0.6957,0.4863
750,0.6957,0.4863
800,0.6956,0.4873
850,0.6955,0.4873
900,0.6955,0.4873
950,0.6956,0.4863
1000,0.6956,0.4861
1050,0.6955,0.4868
1100,0.6954,0.4874
1150,0.6954,0.4879
1200,0.6954,0.4880
1250,0.6954,0.4883
1300,0.6952,0.4898
1350,0.6951,0.4909
1400,0.6950,0.4919
1450,0.6950,0.4924
1500,0.6947,0.4944
1550,0.6946,0.4958
1600,0.6946,0.4963
1650,0.6944,0.4970
1700,0.6944,0.4973
1750,0.6942,0.4991
1800,0.6940,0.5006
1850,0.6939,0.5017
1900,0.6937,0.5027
1950,0.6936,0.5039
2000,0.6933,0.5056
2050,0.6931,0.5068
2100,0.6929,0.5079
2150,0.6778,0.5897
2200,0.6785,0.5807
2250,0.6782,0.5779
2300,0.6765,0.5794
2350,0.6752,0.5776
2400,0.6729,0.5796
2450,0.6712,0.5788
2500,0.6697,0.5767
2550,0.6679,0.5760
2600,0.6650,0.5785
2650,0.6623,0.5797
2700,0.6587,0.5832
2750,0.6544,0.5893
2800,0.6497,0.5969
2850,0.6446,0.6059
2900,0.6382,0.6175
2950,0.6311,0.6291
3000,0.6230,0.6407
3050,0.6149,0.6512
3100,0.6067,0.6609
3150,0.5992,0.6686
3200,0.5912,0.6763
3250,0.5834,0.6836
3300,0.5755,0.6905
3350,0.5679,0.6967
3400,0.5608,0.7026
3450,0.5541,0.7080
3500,0.5475,0.7132
3550,0.5410,0.7179
3600,0.5346,0.7228
3650,0.5291,0.7271
3700,0.5233,0.7315
3750,0.5190,0.7347
3800,0.5140,0.7381
3850,0.5097,0.7411
3900,0.5058,0.7441
3950,0.5011,0.7475
4000,0.4970,0.7504
4050,0.4926,0.7538
4100,0.4888,0.7562
4150,0.4851,0.7588
4200,0.4819,0.7612
4250,0.3361,0.8624
4300,0.3325,0.8635
4350,0.3337,0.8622
4400,0.3347,0.8628
4450,0.3316,0.8661
4500,0.3325,0.8649
4550,0.3320,0.8648
4600,0.3315,0.8638
4650,0.3302,0.8640
4700,0.3294,0.8638
4750,0.3308,0.8634
4800,0.3314,0.8630
4850,0.3298,0.8641
4900,0.3285,0.8643
4950,0.3286,0.8643
5000,0.3293,0.8639
5050,0.3280,0.8645
5100,0.3274,0.8645
5150,0.3263,0.8648
5200,0.3250,0.8657
5250,0.3246,0.8656
5300,0.3239,0.8660
5350,0.3229,0.8665
5400,0.3222,0.8671
5450,0.3220,0.8670
5500,0.3210,0.8675
5550,0.3207,0.8678
5600,0.3202,0.8681
5650,0.3195,0.8683
5700,0.3184,0.8687
5750,0.3180,0.8689
5800,0.3177,0.8689
5850,0.3176,0.8689
5900,0.3169,0.8692
5950,0.3159,0.8699
6000,0.3162,0.8698
6050,0.3159,0.8700
6100,0.3153,0.8703
6150,0.3153,0.8702
6200,0.3146,0.8705
6250,0.3138,0.8709
6300,0.3139,0.8707
6350,0.3039,0.8701
6400,0.3044,0.8697
6450,0.2977,0.8750
6500,0.2940,0.8787
6550,0.2932,0.8797
6600,0.2937,0.8810
6650,0.2940,0.8802
6700,0.2920,0.8811
6750,0.2949,0.8791
6800,0.2937,0.8801
6850,0.2944,0.8796
6900,0.2939,0.8803
6950,0.2947,0.8796
7000,0.2930,0.8803
7050,0.2931,0.8801
7100,0.2947,0.8793
7150,0.2950,0.8788
7200,0.2945,0.8789
7250,0.2944,0.8789
7300,0.2943,0.8789
7350,0.2938,0.8787
7400,0.2936,0.8793
7450,0.2947,0.8790
7500,0.2934,0.8797
7550,0.2928,0.8800
7600,0.2926,0.8801
7650,0.2921,0.8804
7700,0.2910,0.8811
7750,0.2910,0.8811
7800,0.2906,0.8812
7850,0.2904,0.8810
7900,0.2896,0.8815
7950,0.2890,0.8817
8000,0.2881,0.8823
8050,0.2875,0.8826
8100,0.2869,0.8830
8150,0.2870,0.8826
8200,0.2866,0.8828
8250,0.2869,0.8826
8300,0.2862,0.8827
8350,0.2857,0.8830
8400,0.2855,0.8833
8450,0.2727,0.8915
8500,0.2790,0.8828
8550,0.2850,0.8825
8600,0.2778,0.8865
8650,0.2733,0.8893
8700,0.2682,0.8911
8750,0.2718,0.8897
8800,0.2718,0.8908
8850,0.2719,0.8908
8900,0.2720,0.8904
8950,0.2732,0.8894
9000,0.2711,0.8904
9050,0.2717,0.8907
9100,0.2717,0.8902
9150,0.2713,0.8899
9200,0.2708,0.8898
9250,0.2721,0.8893
9300,0.2718,0.8895
9350,0.2717,0.8896
9400,0.2714,0.8897
9450,0.2705,0.8900
9500,0.2704,0.8899
9550,0.2693,0.8905
9600,0.2689,0.8907
9650,0.2689,0.8909
9700,0.2687,0.8908
9750,0.2682,0.8912
9800,0.2670,0.8919
9850,0.2667,0.8920
9900,0.2669,0.8917
9950,0.2679,0.8913
10000,0.2674,0.8919
10050,0.2669,0.8924
10100,0.2667,0.8923
10150,0.2666,0.8923
10200,0.2674,0.8918
10250,0.2674,0.8917
10300,0.2675,0.8916
10350,0.2670,0.8920
10400,0.2664,0.8922
10450,0.2661,0.8922
10500,0.2662,0.8921
10550,0.2727,0.8865
10600,0.2838,0.8809
10650,0.2789,0.8849
10700,0.2757,0.8866
10750,0.2717,0.8887
10800,0.2703,0.8893
10850,0.2681,0.8911
10900,0.2648,0.8928
10950,0.2623,0.8943
11000,0.2612,0.8950
11050,0.2597,0.8953
11100,0.2613,0.8949
11150,0.2593,0.8957
11200,0.2579,0.8960
11250,0.2584,0.8955
11300,0.2569,0.8965
11350,0.2566,0.8965
11400,0.2558,0.8968
11450,0.2557,0.8971
11500,0.2553,0.8975
11550,0.2548,0.8977
11600,0.2550,0.8976
11650,0.2564,0.8969
11700,0.2561,0.8972
11750,0.2564,0.8970
11800,0.2562,0.8973
11850,0.2556,0.8972
11900,0.2549,0.8975
11950,0.2553,0.8972
12000,0.2554,0.8973
12050,0.2547,0.8975
12100,0.2550,0.8976
12150,0.2548,0.8979
12200,0.2549,0.8979
12250,0.2549,0.8978
12300,0.2550,0.8978
12350,0.2546,0.8978
12400,0.2546,0.8978
12450,0.2542,0.8980
12500,0.2545,0.8979
12550,0.2537,0.8985
12600,0.2533,0.8985
12650,0.2263,0.9171
12700,0.2225,0.9161
12750,0.2332,0.9092
12800,0.2360,0.9087
12850,0.2385,0.9072
12900,0.2381,0.9058
12950,0.2397,0.9056
13000,0.2394,0.9057
13050,0.2378,0.9056
13100,0.2399,0.9047
13150,0.2419,0.9038
13200,0.2399,0.9045
13250,0.2417,0.9043
13300,0.2418,0.9043
13350,0.2426,0.9041
13400,0.2422,0.9045
13450,0.2428,0.9041
13500,0.2440,0.9036
13550,0.2435,0.9040
13600,0.2430,0.9043
13650,0.2427,0.9043
13700,0.2421,0.9047
13750,0.2416,0.9049
13800,0.2420,0.9046
13850,0.2410,0.9051
13900,0.2417,0.9049
13950,0.2422,0.9045
14000,0.2423,0.9043
14050,0.2427,0.9039
14100,0.2423,0.9043
14150,0.2419,0.9042
14200,0.2424,0.9038
14250,0.2415,0.9042
14300,0.2419,0.9041
14350,0.2419,0.9041
14400,0.2415,0.9041
14450,0.2416,0.9041
14500,0.2418,0.9042
14550,0.2420,0.9040
14600,0.2417,0.9041
14650,0.2419,0.9042
14700,0.2416,0.9043
14750,0.2220,0.9105
14800,0.2346,0.9041
14850,0.2364,0.9078
14900,0.2289,0.9102
14950,0.2275,0.9099
15000,0.2309,0.9088
15050,0.2328,0.9083
15100,0.2320,0.9080
15150,0.2332,0.9078
15200,0.2325,0.9074
15250,0.2313,0.9073
15300,0.2317,0.9071
15350,0.2304,0.9080
15400,0.2306,0.9082
15450,0.2313,0.9080
15500,0.2314,0.9077
15550,0.2306,0.9079
15600,0.2298,0.9082
15650,0.2299,0.9087
15700,0.2304,0.9085
15750,0.2311,0.9081
15800,0.2304,0.9082
15850,0.2311,0.9076
15900,0.2312,0.9071
15950,0.2320,0.9069
16000,0.2332,0.9064
16050,0.2331,0.9065
16100,0.2328,0.9068
16150,0.2326,0.9072
16200,0.2317,0.9076
16250,0.2314,0.9080
16300,0.2318,0.9078
16350,0.2319,0.9078
16400,0.2315,0.9079
16450,0.2318,0.9076
16500,0.2321,0.9076
16550,0.2329,0.9074
16600,0.2328,0.9073
16650,0.2327,0.9076
16700,0.2323,0.9078
16750,0.2317,0.9083
16800,0.2307,0.9086
16850,0.2305,0.9010
16900,0.2248,0.9131
16950,0.2156,0.9147
17000,0.2245,0.9102
17050,0.2227,0.9117
17100,0.2249,0.9110
17150,0.2233,0.9113
17200,0.2211,0.9120
17250,0.2221,0.9119
17300,0.2211,0.9121
17350,0.2204,0.9120
17400,0.2202,0.9118
17450,0.2214,0.9118
17500,0.2185,0.9134
17550,0.2182,0.9136
17600,0.2187,0.9139
17650,0.2177,0.9143
17700,0.2166,0.9147
17750,0.2165,0.9148
17800,0.2165,0.9151
17850,0.2177,0.9148
17900,0.2179,0.9149
17950,0.2178,0.9147
18000,0.2179,0.9150
18050,0.2185,0.9149
18100,0.2180,0.9151
18150,0.2182,0.9149
18200,0.2182,0.9148
18250,0.2193,0.9144
18300,0.2193,0.9143
18350,0.2193,0.9143
18400,0.2191,0.9144
18450,0.2198,0.9142
18500,0.2195,0.9143
18550,0.2196,0.9144
18600,0.2205,0.9140
18650,0.2210,0.9137
18700,0.2204,0.9140
18750,0.2205,0.9140
18800,0.2206,0.9139
18850,0.2210,0.9138
18900,0.2210,0.9138
18950,0.2139,0.9219
19000,0.2292,0.9141
19050,0.2121,0.9232
19100,0.2089,0.9234
19150,0.2087,0.9244
19200,0.2097,0.9238
19250,0.2101,0.9217
19300,0.2132,0.9194
19350,0.2142,0.9191
19400,0.2166,0.9178
19450,0.2162,0.9178
19500,0.2139,0.9189
19550,0.2161,0.9177
19600,0.2146,0.9178
19650,0.2153,0.9174
19700,0.2134,0.9184
19750,0.2137,0.9185
19800,0.2139,0.9188
19850,0.2133,0.9192
19900,0.2140,0.9184
19950,0.2146,0.9181
20000,0.2146,0.9180
20050,0.2142,0.9181
20100,0.2138,0.9185
20150,0.2141,0.9185
20200,0.2146,0.9180
20250,0.2138,0.9183
20300,0.2133,0.9185
20350,0.2124,0.9190
20400,0.2122,0.9190
20450,0.2122,0.9192
20500,0.2121,0.9193
20550,0.2121,0.9193
20600,0.2122,0.9191
20650,0.2125,0.9189
20700,0.2118,0.9194
20750,0.2117,0.9194
20800,0.2121,0.9192
20850,0.2121,0.9192
20900,0.2119,0.9195
20950,0.2114,0.9198
21000,0.2113,0.9197
21050,0.2052,0.9187
21100,0.2055,0.9208
21150,0.2075,0.9210
21200,0.2134,0.9195
21250,0.2106,0.9202
21300,0.2070,0.9212
21350,0.2068,0.9222
21400,0.2088,0.9212
21450,0.2106,0.9210
21500,0.2114,0.9202
21550,0.2091,0.9205
21600,0.2085,0.9207
21650,0.2080,0.9206
21700,0.2071,0.9215
21750,0.2070,0.9218
21800,0.2080,0.9213
21850,0.2086,0.9209
21900,0.2071,0.9214
21950,0.2073,0.9214
22000,0.2078,0.9210
22050,0.2067,0.9216
22100,0.2074,0.9213
22150,0.2069,0.9214
22200,0.2063,0.9216
22250,0.2054,0.9221
22300,0.2059,0.9217
22350,0.2060,0.9216
22400,0.2058,0.9216
22450,0.2046,0.9219
22500,0.2048,0.9218
22550,0.2054,0.9216
22600,0.2053,0.9217
22650,0.2053,0.9217
22700,0.2045,0.9220
22750,0.2047,0.9220
22800,0.2051,0.9218
22850,0.2048,0.9219
22900,0.2046,0.9221
22950,0.2048,0.9220
23000,0.2050,0.9221
23050,0.2048,0.9223
23100,0.2044,0.9225
23150,0.3023,0.8802
23200,0.2101,0.9157
23250,0.1966,0.9233
23300,0.1985,0.9215
23350,0.1987,0.9217
23400,0.1972,0.9237
23450,0.2015,0.9214
23500,0.2003,0.9226
23550,0.1980,0.9237
23600,0.1975,0.9239
23650,0.1953,0.9245
23700,0.1958,0.9250
23750,0.1956,0.9253
23800,0.1964,0.9245
23850,0.1972,0.9242
23900,0.1968,0.9244
23950,0.1979,0.9244
24000,0.1975,0.9249
24050,0.1980,0.9250
24100,0.1979,0.9250
24150,0.1975,0.9252
24200,0.1962,0.9258
24250,0.1965,0.9254
24300,0.1967,0.9252
24350,0.1971,0.9250
24400,0.1966,0.9253
24450,0.1966,0.9255
24500,0.1966,0.9255
24550,0.1964,0.9254
24600,0.1965,0.9252
24650,0.1960,0.9254
24700,0.1963,0.9251
24750,0.1966,0.9250
24800,0.1968,0.9250
24850,0.1965,0.9251
24900,0.1966,0.9251
24950,0.1970,0.9250
25000,0.1968,0.9251
25050,0.1969,0.9251
25100,0.1969,0.9251
25150,0.1971,0.9249
25200,0.1971,0.9250
25250,0.1847,0.9219
25300,0.2171,0.9141
25350,0.2007,0.9219
25400,0.1952,0.9262
25450,0.1899,0.9293
25500,0.1911,0.9287
25550,0.1933,0.9275
25600,0.1929,0.9278
25650,0.1919,0.9285
25700,0.1919,0.9280
25750,0.1915,0.9281
25800,0.1918,0.9282
25850,0.1912,0.9287
25900,0.1920,0.9280
25950,0.1932,0.9275
26000,0.1934,0.9272
26050,0.1938,0.9273
26100,0.1944,0.9271
26150,0.1930,0.9276
26200,0.1930,0.9276
26250,0.1920,0.9280
26300,0.1922,0.9275
26350,0.1930,0.9272
26400,0.1931,0.9271
26450,0.1935,0.9268
26500,0.1931,0.9272
26550,0.1930,0.9273
26600,0.1926,0.9274
26650,0.1922,0.9275
26700,0.1923,0.9273
26750,0.1924,0.9273
26800,0.1923,0.9275
26850,0.1930,0.9273
26900,0.1927,0.9276
26950,0.1927,0.9274
27000,0.1923,0.9276
27050,0.1923,0.9276
27100,0.1921,0.9278
27150,0.1918,0.9281
27200,0.1918,0.9280
27250,0.1916,0.9280
27300,0.1911,0.9282
27350,0.1910,0.9282
27400,0.2041,0.9251
27450,0.1975,0.9279
27500,0.1954,0.9267
27550,0.1900,0.9293
27600,0.1881,0.9299
27650,0.1905,0.9280
27700,0.1909,0.9282
27750,0.1894,0.9289
27800,0.1888,0.9293
27850,0.1878,0.9297
27900,0.1870,0.9305
27950,0.1861,0.9303
28000,0.1867,0.9304
28050,0.1872,0.9297
28100,0.1865,0.9301
28150,0.1876,0.9298
28200,0.1872,0.9296
28250,0.1873,0.9292
28300,0.1881,0.9289
28350,0.1869,0.9292
28400,0.1866,0.9293
28450,0.1868,0.9296
28500,0.1869,0.9297
28550,0.1868,0.9296
28600,0.1875,0.9295
28650,0.1876,0.9295
28700,0.1870,0.9299
28750,0.1870,0.9300
28800,0.1863,0.9303
28850,0.1865,0.9303
28900,0.1868,0.9302
28950,0.1866,0.9303
29000,0.1862,0.9304
29050,0.1864,0.9303
29100,0.1862,0.9304
29150,0.1860,0.9304
29200,0.1853,0.9307
29250,0.1855,0.9307
29300,0.1853,0.9308
29350,0.1851,0.9308
29400,0.1847,0.9310
29450,0.1844,0.9312
29500,0.1626,0.9467
29550,0.1730,0.9388
29600,0.1802,0.9340
29650,0.1780,0.9365
29700,0.1795,0.9342
29750,0.1817,0.9331
29800,0.1784,0.9346
29850,0.1774,0.9346
29900,0.1787,0.9341
29950,0.1795,0.9342
30000,0.1777,0.9350
30050,0.1783,0.9341
30100,0.1785,0.9342
30150,0.1778,0.9344
30200,0.1775,0.9346
30250,0.1786,0.9340
30300,0.1789,0.9340
30350,0.1798,0.9335
30400,0.1798,0.9333
30450,0.1801,0.9332
30500,0.1800,0.9332
30550,0.1798,0.9334
30600,0.1794,0.9335
30650,0.1787,0.9337
30700,0.1790,0.9336
30750,0.1791,0.9337
30800,0.1788,0.9338
30850,0.1790,0.9338
30900,0.1793,0.9336
30950,0.1793,0.9338
31000,0.1799,0.9333
31050,0.1793,0.9336
31100,0.1794,0.9336
31150,0.1791,0.9337
31200,0.1791,0.9336
31250,0.1783,0.9339
31300,0.1784,0.9337
31350,0.1785,0.9337
31400,0.1783,0.9338
31450,0.1785,0.9337
31500,0.1785,0.9338
31550,0.1788,0.9336
31600,0.1694,0.9406
31650,0.1686,0.9389
31700,0.1630,0.9404
31750,0.1650,0.9395
31800,0.1654,0.9400
31850,0.1667,0.9392
31900,0.1668,0.9387
31950,0.1695,0.9374
32000,0.1695,0.9379
32050,0.1701,0.9375
32100,0.1698,0.9377
32150,0.1688,0.9382
32200,0.1707,0.9374
32250,0.1711,0.9375
32300,0.1709,0.9373
32350,0.1715,0.9368
32400,0.1704,0.9374
32450,0.1705,0.9373
32500,0.1719,0.9365
32550,0.1727,0.9365
32600,0.1730,0.9364
32650,0.1725,0.9364
32700,0.1726,0.9362
32750,0.1726,0.9363
32800,0.1726,0.9362
32850,0.1726,0.9363
32900,0.1720,0.9367
32950,0.1722,0.9367
33000,0.1720,0.9370
33050,0.1725,0.9367
33100,0.1729,0.9364
33150,0.1728,0.9366
33200,0.1731,0.9366
33250,0.1738,0.9363
33300,0.1731,0.9367
33350,0.1727,0.9368
33400,0.1729,0.9368
33450,0.1728,0.9367
33500,0.1726,0.9368
33550,0.1726,0.9367
33600,0.1729,0.9366
33650,0.1727,0.9367
33700,0.1560,0.9436
33750,0.1541,0.9440
33800,0.1647,0.9373
33850,0.1624,0.9393
33900,0.1667,0.9380
33950,0.1671,0.9376
34000,0.1670,0.9374
34050,0.1677,0.9377
34100,0.1667,0.9384
34150,0.1669,0.9380
34200,0.1666,0.9382
34250,0.1679,0.9377
34300,0.1682,0.9382
34350,0.1679,0.9383
34400,0.1681,0.9386
34450,0.1675,0.9388
34500,0.1672,0.9389
34550,0.1686,0.9386
34600,0.1691,0.9384
34650,0.1688,0.9385
34700,0.1695,0.9383
34750,0.1690,0.9387
34800,0.1691,0.9384
34850,0.1684,0.9385
34900,0.1684,0.9386
34950,0.1683,0.9387
35000,0.1672,0.9391
35050,0.1668,0.9392
35100,0.1674,0.9390
35150,0.1677,0.9388
35200,0.1678,0.9384
35250,0.1680,0.9384
35300,0.1683,0.9384
35350,0.1682,0.9383
35400,0.1684,0.9383
35450,0.1684,0.9382
35500,0.1688,0.9380
35550,0.1689,0.9379
35600,0.1690,0.9379
35650,0.1689,0.9379
35700,0.1689,0.9380
35750,0.1694,0.9376
35800,0.1627,0.9404
35850,0.1599,0.9413
35900,0.1628,0.9394
35950,0.1647,0.9390
36000,0.1625,0.9411
36050,0.1637,0.9398
36100,0.1646,0.9397
36150,0.1667,0.9391
36200,0.1700,0.9379
36250,0.1710,0.9378
36300,0.1698,0.9383
36350,0.1691,0.9387
36400,0.1701,0.9382
36450,0.1707,0.9379
36500,0.1705,0.9378
36550,0.1700,0.9377
36600,0.1686,0.9384
36650,0.1686,0.9384
36700,0.1680,0.9388
36750,0.1672,0.9390
36800,0.1667,0.9393
36850,0.1661,0.9394
36900,0.1662,0.9393
36950,0.1679,0.9388
37000,0.1684,0.9387
37050,0.1675,0.9391
37100,0.1671,0.9391
37150,0.1667,0.9394
37200,0.1665,0.9395
37250,0.1676,0.9390
37300,0.1675,0.9391
37350,0.1674,0.9390
37400,0.1667,0.9393
37450,0.1667,0.9394
37500,0.1667,0.9396
37550,0.1663,0.9397
37600,0.1659,0.9398
37650,0.1661,0.9397
37700,0.1664,0.9397
37750,0.1665,0.9395
37800,0.1668,0.9395
37850,0.1667,0.9395
37900,0.1595,0.9364
37950,0.1645,0.9387
38000,0.1625,0.9382
38050,0.1622,0.9394
38100,0.1624,0.9382
38150,0.1595,0.9394
38200,0.1587,0.9401
38250,0.1598,0.9406
38300,0.1605,0.9409
38350,0.1597,0.9419
38400,0.1613,0.9416
38450,0.1631,0.9407
38500,0.1634,0.9409
38550,0.1637,0.9407
38600,0.1629,0.9412
38650,0.1628,0.9416
38700,0.1626,0.9412
38750,0.1639,0.9406
38800,0.1620,0.9416
38850,0.1624,0.9414
38900,0.1622,0.9415
38950,0.1619,0.9416
39000,0.1608,0.9420
39050,0.1615,0.9417
39100,0.1615,0.9417
39150,0.1608,0.9419
39200,0.1605,0.9421
39250,0.1603,0.9422
39300,0.1602,0.9423
39350,0.1600,0.9422
39400,0.1599,0.9424
39450,0.1601,0.9424
39500,0.1599,0.9425
39550,0.1601,0.9425
39600,0.1597,0.9424
39650,0.1595,0.9425
39700,0.1595,0.9427
39750,0.1600,0.9424
39800,0.1596,0.9424
39850,0.1596,0.9424
39900,0.1599,0.9422
39950,0.1595,0.9423
40000,0.1587,0.9466
40050,0.1540,0.9455
40100,0.1540,0.9466
40150,0.1579,0.9434
40200,0.1556,0.9439
40250,0.1603,0.9419
40300,0.1619,0.9415
40350,0.1590,0.9433
40400,0.1611,0.9424
40450,0.1608,0.9421
40500,0.1620,0.9417
40550,0.1611,0.9424
40600,0.1612,0.9419
40650,0.1612,0.9418
40700,0.1611,0.9418
40750,0.1622,0.9412
40800,0.1617,0.9412
40850,0.1611,0.9416
40900,0.1603,0.9419
40950,0.1597,0.9422
41000,0.1588,0.9425
41050,0.1594,0.9422
41100,0.1588,0.9424
41150,0.1582,0.9429
41200,0.1576,0.9429
41250,0.1576,0.9428
41300,0.1573,0.9431
41350,0.1579,0.9431
41400,0.1573,0.9432
41450,0.1579,0.9430
41500,0.1575,0.9431
41550,0.1572,0.9434
41600,0.1573,0.9434
41650,0.1574,0.9434
41700,0.1572,0.9433
41750,0.1570,0.9433
41800,0.1570,0.9432
41850,0.1573,0.9433
41900,0.1572,0.9433
41950,0.1573,0.9434
42000,0.1572,0.9434
42050,0.1573,0.9433
42100,0.1360,0.9531
42150,0.1454,0.9500
42200,0.1462,0.9482
42250,0.1488,0.9458
42300,0.1456,0.9470
42350,0.1530,0.9441
42400,0.1516,0.9447
42450,0.1517,0.9445
42500,0.1509,0.9446
42550,0.1514,0.9445
42600,0.1521,0.9447
42650,0.1503,0.9453
42700,0.1501,0.9456
42750,0.1502,0.9458
42800,0.1508,0.9455
42850,0.1520,0.9452
42900,0.1548,0.9437
42950,0.1549,0.9440
43000,0.1556,0.9437
43050,0.1548,0.9441
43100,0.1544,0.9444
43150,0.1550,0.9445
43200,0.1545,0.9446
43250,0.1545,0.9445
43300,0.1546,0.9446
43350,0.1551,0.9444
43400,0.1550,0.9445
43450,0.1550,0.9445
43500,0.1545,0.9447
43550,0.1543,0.9449
43600,0.1549,0.9447
43650,0.1552,0.9446
43700,0.1554,0.9444
43750,0.1554,0.9445
43800,0.1547,0.9447
43850,0.1549,0.9447
43900,0.1549,0.9447
43950,0.1547,0.9447
44000,0.1544,0.9448
44050,0.1540,0.9449
44100,0.1542,0.9448
44150,0.1541,0.9448
44200,0.1700,0.9434
44250,0.1638,0.9389
44300,0.1624,0.9367
44350,0.1576,0.9394
44400,0.1552,0.9400
44450,0.1571,0.9394
44500,0.1566,0.9406
44550,0.1578,0.9408
44600,0.1569,0.9413
44650,0.1582,0.9409
44700,0.1558,0.9423
44750,0.1547,0.9432
44800,0.1528,0.9439
44850,0.1533,0.9443
44900,0.1526,0.9444
44950,0.1530,0.9441
45000,0.1518,0.9444
45050,0.1519,0.9448
45100,0.1521,0.9449
45150,0.1512,0.9451
45200,0.1516,0.9450
45250,0.1511,0.9451
45300,0.1514,0.9449
45350,0.1520,0.9447
45400,0.1515,0.9450
45450,0.1516,0.9449
45500,0.1524,0.9448
45550,0.1521,0.9449
45600,0.1519,0.9450
45650,0.1518,0.9450
45700,0.1518,0.9452
45750,0.1520,0.9452
45800,0.1521,0.9451
45850,0.1523,0.9450
45900,0.1520,0.9452
45950,0.1523,0.9452
46000,0.1524,0.9452
46050,0.1522,0.9453
46100,0.1519,0.9453
46150,0.1517,0.9455
46200,0.1511,0.9456
46250,0.1507,0.9457
46300,0.1020,0.9609
46350,0.1440,0.9471
46400,0.1407,0.9481
46450,0.1388,0.9489
46500,0.1426,0.9478
46550,0.1448,0.9480
46600,0.1435,0.9490
46650,0.1440,0.9492
46700,0.1475,0.9481
46750,0.1469,0.9483
46800,0.1465,0.9483
46850,0.1462,0.9479
46900,0.1462,0.9480
46950,0.1468,0.9477
47000,0.1463,0.9476
47050,0.1473,0.9473
47100,0.1480,0.9470
47150,0.1471,0.9474
47200,0.1478,0.9472
47250,0.1484,0.9468
47300,0.1481,0.9468
47350,0.1478,0.9469
47400,0.1479,0.9468
47450,0.1471,0.9469
47500,0.1477,0.9467
47550,0.1480,0.9466
47600,0.1483,0.9466
47650,0.1486,0.9464
47700,0.1486,0.9466
47750,0.1488,0.9464
47800,0.1487,0.9464
47850,0.1487,0.9462
47900,0.1484,0.9462
47950,0.1478,0.9465
48000,0.1477,0.9466
48050,0.1478,0.9466
48100,0.1480,0.9465
48150,0.1478,0.9465
48200,0.1477,0.9465
48250,0.1477,0.9466
48300,0.1476,0.9467
48350,0.1471,0.9469
48400,0.1616,0.9375
48450,0.1724,0.9407
48500,0.1580,0.9450
48550,0.1517,0.9466
48600,0.1497,0.9461
48650,0.1481,0.9461
48700,0.1443,0.9477
48750,0.1452,0.9473
48800,0.1441,0.9480
48850,0.1445,0.9481
48900,0.1439,0.9489
48950,0.1446,0.9490
49000,0.1448,0.9493
49050,0.1454,0.9492
49100,0.1450,0.9495
49150,0.1460,0.9488
49200,0.1455,0.9489
49250,0.1451,0.9493
49300,0.1445,0.9495
49350,0.1442,0.9495
49400,0.1443,0.9497
49450,0.1443,0.9498
49500,0.1437,0.9502
49550,0.1433,0.9503
49600,0.1440,0.9497
49650,0.1437,0.9498
49700,0.1431,0.9501
49750,0.1435,0.9497
49800,0.1430,0.9498
49850,0.1434,0.9497
49900,0.1434,0.9497
49950,0.1437,0.9496
50000,0.1440,0.9496
50050,0.1445,0.9495
50100,0.1447,0.9493
50150,0.1445,0.9492
50200,0.1449,0.9490
50250,0.1447,0.9492
50300,0.1449,0.9491
50350,0.1449,0.9491
50400,0.1453,0.9490
50450,0.1456,0.9490
50500,0.1230,0.9688
50550,0.1418,0.9520
50600,0.1408,0.9504
50650,0.1429,0.9489
50700,0.1397,0.9501
50750,0.1371,0.9513
50800,0.1385,0.9503
50850,0.1392,0.9502
50900,0.1388,0.9506
50950,0.1395,0.9507
51000,0.1392,0.9503
51050,0.1394,0.9500
51100,0.1399,0.9499
51150,0.1389,0.9507
51200,0.1384,0.9511
51250,0.1386,0.9509
51300,0.1391,0.9506
51350,0.1390,0.9502
51400,0.1394,0.9500
51450,0.1397,0.9499
51500,0.1401,0.9500
51550,0.1403,0.9497
51600,0.1407,0.9496
51650,0.1414,0.9492
51700,0.1421,0.9491
51750,0.1423,0.9491
51800,0.1425,0.9491
51850,0.1433,0.9487
51900,0.1433,0.9488
51950,0.1435,0.9489
52000,0.1430,0.9492
52050,0.1431,0.9491
52100,0.1436,0.9489
52150,0.1434,0.9490
52200,0.1430,0.9492
52250,0.1428,0.9495
52300,0.1420,0.9497
52350,0.1421,0.9499
52400,0.1419,0.9501
52450,0.1418,0.9501
52500,0.1421,0.9500
52550,0.1426,0.9497
52600,0.1423,0.9498
52650,0.1453,0.9475
52700,0.1495,0.9447
52750,0.1474,0.9458
52800,0.1499,0.9464
52850,0.1477,0.9480
52900,0.1421,0.9503
52950,0.1421,0.9500
53000,0.1407,0.9501
53050,0.1381,0.9516
53100,0.1390,0.9519
53150,0.1400,0.9515
53200,0.1385,0.9521
53250,0.1379,0.9524
53300,0.1402,0.9517
53350,0.1395,0.9518
53400,0.1403,0.9516
53450,0.1403,0.9517
53500,0.1394,0.9521
53550,0.1397,0.9517
53600,0.1404,0.9515
53650,0.1395,0.9518
53700,0.1398,0.9514
53750,0.1398,0.9515
53800,0.1412,0.9508
53850,0.1414,0.9508
53900,0.1410,0.9509
53950,0.1409,0.9509
54000,0.1404,0.9510
54050,0.1401,0.9511
54100,0.1404,0.9511
54150,0.1401,0.9513
54200,0.1402,0.9512
54250,0.1404,0.9511
54300,0.1400,0.9513
54350,0.1396,0.9515
54400,0.1394,0.9516
54450,0.1393,0.9516
54500,0.1393,0.9516
54550,0.1396,0.9515
54600,0.1397,0.9515
54650,0.1397,0.9514
54700,0.1397,0.9515
54750,0.1303,0.9545
54800,0.1368,0.9505
54850,0.1450,0.9488
54900,0.1462,0.9491
54950,0.1417,0.9508
55000,0.1395,0.9524
55050,0.1393,0.9522
55100,0.1383,0.9526
55150,0.1370,0.9531
55200,0.1358,0.9535
55250,0.1370,0.9530
55300,0.1390,0.9521
55350,0.1385,0.9522
55400,0.1364,0.9532
55450,0.1363,0.9533
55500,0.1382,0.9522
55550,0.1377,0.9525
55600,0.1382,0.9523
55650,0.1387,0.9520
55700,0.1388,0.9520
55750,0.1384,0.9522
55800,0.1386,0.9521
55850,0.1379,0.9523
55900,0.1377,0.9524
55950,0.1386,0.9521
56000,0.1380,0.9522
56050,0.1385,0.9520
56100,0.1385,0.9519
56150,0.1380,0.9521
56200,0.1374,0.9523
56250,0.1377,0.9524
56300,0.1383,0.9520
56350,0.1381,0.9521
56400,0.1383,0.9519
56450,0.1380,0.9518
56500,0.1385,0.9517
56550,0.1385,0.9517
56600,0.1387,0.9517
56650,0.1391,0.9515
56700,0.1392,0.9514
56750,0.1390,0.9514
56800,0.1391,0.9514
56850,0.1543,0.9405
56900,0.1484,0.9446
56950,0.1354,0.9527
57000,0.1327,0.9538
57050,0.1331,0.9533
57100,0.1373,0.9514
57150,0.1376,0.9509
57200,0.1381,0.9507
57250,0.1364,0.9514
57300,0.1381,0.9512
57350,0.1369,0.9521
57400,0.1361,0.9523
57450,0.1361,0.9522
57500,0.1358,0.9526
57550,0.1347,0.9530
57600,0.1343,0.9531
57650,0.1342,0.9530
57700,0.1338,0.9532
57750,0.1340,0.9531
57800,0.1346,0.9527
57850,0.1353,0.9523
57900,0.1351,0.9525
57950,0.1346,0.9526
58000,0.1340,0.9528
58050,0.1347,0.9527
58100,0.1344,0.9527
58150,0.1346,0.9525
58200,0.1347,0.9526
58250,0.1349,0.9527
58300,0.1350,0.9526
58350,0.1349,0.9526
58400,0.1347,0.9527
58450,0.1345,0.9527
58500,0.1347,0.9525
58550,0.1342,0.9527
58600,0.1343,0.9526
58650,0.1344,0.9526
58700,0.1350,0.9524
58750,0.1355,0.9522
58800,0.1355,0.9523
58850,0.1353,0.9525
58900,0.1357,0.9523
58950,0.1217,0.9564
59000,0.1335,0.9535
59050,0.1347,0.9518
59100,0.1366,0.9511
59150,0.1368,0.9518
59200,0.1365,0.9520
59250,0.1387,0.9511
59300,0.1398,0.9507
59350,0.1372,0.9523
59400,0.1367,0.9521
59450,0.1367,0.9521
59500,0.1355,0.9524
59550,0.1351,0.9526
59600,0.1345,0.9530
59650,0.1347,0.9528
59700,0.1340,0.9530
59750,0.1346,0.9529
59800,0.1337,0.9534
59850,0.1339,0.9533
59900,0.1341,0.9534
59950,0.1338,0.9536
60000,0.1345,0.9534
60050,0.1340,0.9535
60100,0.1341,0.9534
60150,0.1342,0.9535
60200,0.1343,0.9534
60250,0.1335,0.9538
60300,0.1338,0.9537
60350,0.1341,0.9536
60400,0.1336,0.9537
60450,0.1337,0.9536
60500,0.1339,0.9535
60550,0.1339,0.9534
60600,0.1338,0.9533
60650,0.1344,0.9530
60700,0.1343,0.9532
60750,0.1345,0.9532
60800,0.1342,0.9533
60850,0.1341,0.9534
60900,0.1340,0.9533
60950,0.1342,0.9531
61000,0.1344,0.9530
61050,0.1425,0.9467
61100,0.1273,0.9554
61150,0.1244,0.9583
61200,0.1310,0.9550
61250,0.1362,0.9539
61300,0.1369,0.9539
61350,0.1374,0.9545
61400,0.1367,0.9548
61450,0.1362,0.9546
61500,0.1362,0.9544
61550,0.1354,0.9546
61600,0.1341,0.9548
61650,0.1340,0.9550
61700,0.1342,0.9546
61750,0.1336,0.9547
61800,0.1332,0.9549
61850,0.1331,0.9548
61900,0.1325,0.9548
61950,0.1331,0.9548
62000,0.1327,0.9547
62050,0.1331,0.9545
62100,0.1324,0.9549
62150,0.1323,0.9549
62200,0.1328,0.9547
62250,0.1322,0.9549
62300,0.1320,0.9549
62350,0.1316,0.9551
62400,0.1315,0.9551
62450,0.1317,0.9550
62500,0.1325,0.9546
62550,0.1326,0.9545
62600,0.1321,0.9548
62650,0.1319,0.9549
62700,0.1317,0.9549
62750,0.1319,0.9548
62800,0.1316,0.9550
62850,0.1316,0.9550
62900,0.1315,0.9551
62950,0.1312,0.9552
63000,0.1315,0.9551
63050,0.1314,0.9551
63100,0.1317,0.9550
63150,0.1149,0.9615
63200,0.1245,0.9582
63250,0.1155,0.9611
63300,0.1189,0.9592
63350,0.1184,0.9595
63400,0.1176,0.9600
63450,0.1201,0.9583
63500,0.1202,0.9585
63550,0.1238,0.9571
63600,0.1237,0.9572
63650,0.1268,0.9566
63700,0.1272,0.9561
63750,0.1292,0.9550
63800,0.1290,0.9551
63850,0.1296,0.9552
63900,0.1292,0.9550
63950,0.1294,0.9550
64000,0.1289,0.9549
64050,0.1284,0.9551
64100,0.1279,0.9553
64150,0.1273,0.9556
64200,0.1272,0.9556
64250,0.1277,0.9557
64300,0.1281,0.9555
64350,0.1280,0.9557
64400,0.1283,0.9553
64450,0.1282,0.9553
64500,0.1286,0.9552
64550,0.1287,0.9551
64600,0.1287,0.9550
64650,0.1281,0.9553
64700,0.1286,0.9553
64750,0.1287,0.9552
64800,0.1292,0.9550
64850,0.1291,0.9550
64900,0.1294,0.9548
64950,0.1299,0.9545
65000,0.1296,0.9547
65050,0.1295,0.9546
65100,0.1300,0.9545
65150,0.1302,0.9544
65200,0.1305,0.9543
65250,0.1020,0.9663
65300,0.1314,0.9539
65350,0.1307,0.9531
65400,0.1362,0.9531
65450,0.1346,0.9541
65500,0.1349,0.9532
65550,0.1338,0.9532
65600,0.1330,0.9530
65650,0.1334,0.9531
65700,0.1338,0.9529
65750,0.1357,0.9522
65800,0.1355,0.9525
65850,0.1350,0.9526
65900,0.1350,0.9525
65950,0.1347,0.9524
66000,0.1337,0.9530
66050,0.1332,0.9531
66100,0.1336,0.9531
66150,0.1340,0.9532
66200,0.1334,0.9535
66250,0.1335,0.9535
66300,0.1329,0.9538
66350,0.1333,0.9536
66400,0.1326,0.9539
66450,0.1322,0.9540
66500,0.1319,0.9541
66550,0.1313,0.9542
66600,0.1317,0.9541
66650,0.1308,0.9545
66700,0.1308,0.9545
66750,0.1304,0.9545
66800,0.1299,0.9547
66850,0.1297,0.9547
66900,0.1297,0.9547
66950,0.1294,0.9548
67000,0.1295,0.9546
67050,0.1297,0.9546
67100,0.1296,0.9546
67150,0.1292,0.9547
67200,0.1299,0.9546
67250,0.1297,0.9546
67300,0.1296,0.9547
67350,0.1645,0.9446
67400,0.1355,0.9510
67450,0.1308,0.9541
67500,0.1322,0.9528
67550,0.1294,0.9531
67600,0.1292,0.9522
67650,0.1254,0.9546
67700,0.1253,0.9549
67750,0.1242,0.9559
67800,0.1256,0.9556
67850,0.1270,0.9550
67900,0.1273,0.9549
67950,0.1276,0.9551
68000,0.1272,0.9556
68050,0.1270,0.9555
68100,0.1262,0.9561
68150,0.1271,0.9557
68200,0.1276,0.9555
68250,0.1277,0.9555
68300,0.1280,0.9552
68350,0.1280,0.9551
68400,0.1284,0.9549
68450,0.1277,0.9553
68500,0.1273,0.9552
68550,0.1273,0.9554
68600,0.1272,0.9556
68650,0.1268,0.9557
68700,0.1269,0.9555
68750,0.1270,0.9555
68800,0.1271,0.9553
68850,0.1269,0.9554
68900,0.1276,0.9551
68950,0.1278,0.9550
69000,0.1276,0.9551
69050,0.1278,0.9550
69100,0.1276,0.9551
69150,0.1278,0.9552
69200,0.1271,0.9555
69250,0.1269,0.9555
69300,0.1273,0.9556
69350,0.1277,0.9555
69400,0.1279,0.9553
69450,0.1130,0.9618
69500,0.1304,0.9559
69550,0.1245,0.9576
69600,0.1252,0.9578
69650,0.1240,0.9577
69700,0.1226,0.9580
69750,0.1240,0.9575
69800,0.1241,0.9577
69850,0.1257,0.9574
69900,0.1242,0.9583
69950,0.1247,0.9581
70000,0.1265,0.9572
70050,0.1278,0.9565
70100,0.1275,0.9564
70150,0.1268,0.9569
70200,0.1272,0.9569
70250,0.1275,0.9568
70300,0.1276,0.9567
70350,0.1270,0.9566
70400,0.1276,0.9565
70450,0.1272,0.9567
70500,0.1271,0.9565
70550,0.1273,0.9565
70600,0.1272,0.9566
70650,0.1275,0.9564
70700,0.1274,0.9564
70750,0.1277,0.9563
70800,0.1273,0.9563
70850,0.1276,0.9561
70900,0.1278,0.9560
70950,0.1279,0.9560
71000,0.1275,0.9564
71050,0.1278,0.9563
71100,0.1277,0.9563
71150,0.1280,0.9562
71200,0.1274,0.9564
71250,0.1271,0.9566
71300,0.1274,0.9564
71350,0.1274,0.9565
71400,0.1273,0.9565
71450,0.1273,0.9565
71500,0.1274,0.9565
71550,0.0998,0.9665
71600,0.1236,0.9575
71650,0.1232,0.9570
71700,0.1245,0.9567
71750,0.1208,0.9581
71800,0.1191,0.9588
71850,0.1205,0.9585
71900,0.1200,0.9586
71950,0.1201,0.9589
72000,0.1202,0.9586
72050,0.1205,0.9588
72100,0.1218,0.9582
72150,0.1210,0.9586
72200,0.1211,0.9584
72250,0.1214,0.9582
72300,0.1212,0.9584
72350,0.1219,0.9583
72400,0.1219,0.9582
72450,0.1215,0.9585
72500,0.1220,0.9583
72550,0.1219,0.9585
72600,0.1217,0.9589
72650,0.1216,0.9586
72700,0.1217,0.9587
72750,0.1220,0.9585
72800,0.1218,0.9584
72850,0.1222,0.9583
72900,0.1221,0.9584
72950,0.1229,0.9582
73000,0.1228,0.9582
73050,0.1230,0.9580
73100,0.1228,0.9580
73150,0.1232,0.9578
73200,0.1231,0.9577
73250,0.1233,0.9577
73300,0.1236,0.9575
73350,0.1238,0.9574
73400,0.1242,0.9572
73450,0.1240,0.9573
73500,0.1238,0.9574
73550,0.1243,0.9572
73600,0.1244,0.9572
73650,0.1717,0.9344
73700,0.1239,0.9583
73750,0.1206,0.9602
73800,0.1217,0.9604
73850,0.1189,0.9607
73900,0.1198,0.9591
73950,0.1235,0.9578
74000,0.1215,0.9582
74050,0.1218,0.9579
74100,0.1212,0.9584
74150,0.1215,0.9585
74200,0.1222,0.9579
74250,0.1226,0.9575
74300,0.1224,0.9577
74350,0.1227,0.9579
74400,0.1227,0.9578
74450,0.1232,0.9576
74500,0.1229,0.9576
74550,0.1226,0.9578
74600,0.1225,0.9577
74650,0.1224,0.9575
74700,0.1233,0.9571
74750,0.1234,0.9572
74800,0.1237,0.9569
74850,0.1238,0.9569
74900,0.1238,0.9569
74950,0.1242,0.9568
75000,0.1244,0.9568
75050,0.1255,0.9561
75100,0.1257,0.9559
75150,0.1255,0.9561
75200,0.1254,0.9562
75250,0.1254,0.9563
75300,0.1255,0.9563
75350,0.1254,0.9565
75400,0.1254,0.9565
75450,0.1254,0.9565
75500,0.1247,0.9569
75550,0.1252,0.9566
75600,0.1249,0.9566
75650,0.1246,0.9569
75700,0.1248,0.9568
75750,0.1813,0.9323
75800,0.1455,0.9464
75850,0.1349,0.9514
75900,0.1305,0.9529
75950,0.1284,0.9546
76000,0.1294,0.9540
76050,0.1279,0.9551
76100,0.1294,0.9545
76150,0.1316,0.9544
76200,0.1312,0.9541
76250,0.1301,0.9537
76300,0.1319,0.9533
76350,0.1303,0.9537
76400,0.1300,0.9539
76450,0.1279,0.9550
76500,0.1273,0.9554
76550,0.1278,0.9550
76600,0.1271,0.9551
76650,0.1267,0.9554
76700,0.1259,0.9560
76750,0.1259,0.9562
76800,0.1263,0.9558
76850,0.1256,0.9559
76900,0.1246,0.9563
76950,0.1245,0.9563
77000,0.1242,0.9565
77050,0.1245,0.9563
77100,0.1243,0.9564
77150,0.1238,0.9566
77200,0.1235,0.9567
77250,0.1230,0.9570
77300,0.1231,0.9570
77350,0.1229,0.9571
77400,0.1233,0.9570
77450,0.1235,0.9571
77500,0.1229,0.9575
77550,0.1220,0.9578
77600,0.1224,0.9576
77650,0.1222,0.9576
77700,0.1225,0.9576
77750,0.1224,0.9576
77800,0.1230,0.9574
77850,0.0781,0.9688
77900,0.1365,0.9513
77950,0.1292,0.9550
78000,0.1281,0.9550
78050,0.1242,0.9570
78100,0.1231,0.9573
78150,0.1239,0.9570
78200,0.1237,0.9572
78250,0.1210,0.9584
78300,0.1214,0.9586
78350,0.1213,0.9586
78400,0.1200,0.9593
78450,0.1191,0.9596
78500,0.1202,0.9593
78550,0.1199,0.9595
78600,0.1190,0.9599
78650,0.1191,0.9600
78700,0.1187,0.9603
78750,0.1187,0.9603
78800,0.1195,0.9600
78850,0.1203,0.9599
78900,0.1202,0.9598
78950,0.1210,0.9595
79000,0.1203,0.9597
79050,0.1205,0.9594
79100,0.1208,0.9592
79150,0.1201,0.9592
79200,0.1199,0.9594
79250,0.1196,0.9596
79300,0.1195,0.9596
79350,0.1197,0.9593
79400,0.1200,0.9592
79450,0.1201,0.9592
79500,0.1202,0.9591
79550,0.1198,0.9592
79600,0.1197,0.9593
79650,0.1198,0.9593
79700,0.1199,0.9593
79750,0.1197,0.9594
79800,0.1199,0.9592
79850,0.1202,0.9592
79900,0.1206,0.9589
79950,0.1204,0.9591
80000,0.1199,0.9616
80050,0.1150,0.9608
80100,0.1166,0.9611
80150,0.1130,0.9618
80200,0.1154,0.9614
80250,0.1172,0.9606
80300,0.1159,0.9608
80350,0.1173,0.9605
80400,0.1179,0.9604
80450,0.1186,0.9604
80500,0.1203,0.9591
80550,0.1215,0.9585
80600,0.1212,0.9585
80650,0.1213,0.9588
80700,0.1200,0.9595
80750,0.1195,0.9597
80800,0.1202,0.9593
80850,0.1210,0.9586
80900,0.1213,0.9586
80950,0.1213,0.9586
81000,0.1216,0.9587
81050,0.1222,0.9585
81100,0.1222,0.9584
81150,0.1221,0.9585
81200,0.1228,0.9582
81250,0.1227,0.9584
81300,0.1228,0.9582
81350,0.1225,0.9582
81400,0.1223,0.9582
81450,0.1224,0.9580
81500,0.1221,0.9581
81550,0.1220,0.9581
81600,0.1219,0.9582
81650,0.1223,0.9581
81700,0.1227,0.9579
81750,0.1224,0.9580
81800,0.1222,0.9581
81850,0.1226,0.9580
81900,0.1226,0.9580
81950,0.1221,0.9583
82000,0.1220,0.9583
82050,0.1219,0.9582
82100,0.1353,0.9538
82150,0.1244,0.9584
82200,0.1196,0.9603
82250,0.1230,0.9583
82300,0.1235,0.9581
82350,0.1257,0.9576
82400,0.1255,0.9569
82450,0.1226,0.9583
82500,0.1230,0.9577
82550,0.1233,0.9575
82600,0.1230,0.9575
82650,0.1218,0.9578
82700,0.1225,0.9577
82750,0.1219,0.9580
82800,0.1214,0.9580
82850,0.1222,0.9579
82900,0.1218,0.9582
82950,0.1208,0.9586
83000,0.1208,0.9587
83050,0.1207,0.9587
83100,0.1210,0.9585
83150,0.1211,0.9584
83200,0.1201,0.9587
83250,0.1195,0.9589
83300,0.1199,0.9589
83350,0.1203,0.9586
83400,0.1204,0.9585
83450,0.1203,0.9584
83500,0.1203,0.9584
83550,0.1198,0.9585
83600,0.1198,0.9586
83650,0.1197,0.9588
83700,0.1194,0.9590
83750,0.1191,0.9592
83800,0.1192,0.9591
83850,0.1191,0.9591
83900,0.1192,0.9590
83950,0.1195,0.9590
84000,0.1198,0.9588
84050,0.1197,0.9588
84100,0.1199,0.9587
84150,0.1201,0.9586
84200,0.1297,0.9602
84250,0.1108,0.9649
84300,0.1174,0.9627
84350,0.1175,0.9620
84400,0.1148,0.9625
84450,0.1160,0.9619
84500,0.1166,0.9616
84550,0.1158,0.9615
84600,0.1169,0.9612
84650,0.1174,0.9603
84700,0.1182,0.9601
84750,0.1176,0.9601
84800,0.1179,0.9601
84850,0.1179,0.9603
84900,0.1173,0.9606
84950,0.1167,0.9608
85000,0.1165,0.9607
85050,0.1170,0.9605
85100,0.1181,0.9600
85150,0.1184,0.9598
85200,0.1182,0.9599
85250,0.1189,0.9593
85300,0.1185,0.9595
85350,0.1186,0.9597
85400,0.1177,0.9601
85450,0.1180,0.9599
85500,0.1182,0.9598
85550,0.1179,0.9600
85600,0.1176,0.9599
85650,0.1176,0.9598
85700,0.1174,0.9600
85750,0.1175,0.9597
85800,0.1180,0.9596
85850,0.1178,0.9597
85900,0.1182,0.9595
85950,0.1183,0.9595
86000,0.1185,0.9594
86050,0.1188,0.9592
86100,0.1184,0.9594
86150,0.1185,0.9593
86200,0.1181,0.9596
86250,0.1186,0.9593
86300,0.1302,0.9549
86350,0.1153,0.9633
86400,0.1170,0.9625
86450,0.1167,0.9619
86500,0.1144,0.9617
86550,0.1132,0.9620
86600,0.1162,0.9609
86650,0.1189,0.9596
86700,0.1181,0.9603
86750,0.1170,0.9607
86800,0.1158,0.9610
86850,0.1146,0.9611
86900,0.1151,0.9606
86950,0.1146,0.9610
87000,0.1151,0.9609
87050,0.1152,0.9607
87100,0.1149,0.9610
87150,0.1153,0.9607
87200,0.1165,0.9602
87250,0.1169,0.9600
87300,0.1168,0.9599
87350,0.1167,0.9599
87400,0.1169,0.9598
87450,0.1169,0.9598
87500,0.1174,0.9597
87550,0.1174,0.9597
87600,0.1175,0.9595
87650,0.1172,0.9598
87700,0.1170,0.9599
87750,0.1171,0.9596
87800,0.1167,0.9598
87850,0.1171,0.9596
87900,0.1176,0.9596
87950,0.1177,0.9596
88000,0.1178,0.9596
88050,0.1179,0.9596
88100,0.1174,0.9598
88150,0.1173,0.9599
88200,0.1171,0.9600
88250,0.1172,0.9600
88300,0.1174,0.9600
88350,0.1179,0.9598
88400,0.1164,0.9639
88450,0.1242,0.9615
88500,0.1234,0.9600
88550,0.1201,0.9612
88600,0.1182,0.9616
88650,0.1166,0.9611
88700,0.1191,0.9605
88750,0.1221,0.9589
88800,0.1231,0.9583
88850,0.1236,0.9578
88900,0.1234,0.9581
88950,0.1225,0.9578
89000,0.1221,0.9576
89050,0.1210,0.9580
89100,0.1199,0.9584
89150,0.1200,0.9586
89200,0.1207,0.9585
89250,0.1200,0.9588
89300,0.1194,0.9589
89350,0.1194,0.9588
89400,0.1189,0.9591
89450,0.1184,0.9590
89500,0.1175,0.9594
89550,0.1170,0.9597
89600,0.1174,0.9595
89650,0.1179,0.9591
89700,0.1175,0.9594
89750,0.1178,0.9593
89800,0.1174,0.9595
89850,0.1169,0.9597
89900,0.1162,0.9599
89950,0.1162,0.9600
90000,0.1162,0.9601
90050,0.1163,0.9600
90100,0.1164,0.9600
90150,0.1167,0.9599
90200,0.1170,0.9598
90250,0.1173,0.9596
90300,0.1177,0.9594
90350,0.1179,0.9595
90400,0.1175,0.9596
90450,0.1179,0.9595
90500,0.0893,0.9654
90550,0.1055,0.9611
90600,0.1095,0.9583
90650,0.1150,0.9573
90700,0.1167,0.9572
90750,0.1198,0.9558
90800,0.1216,0.9557
90850,0.1214,0.9561
90900,0.1225,0.9558
90950,0.1228,0.9559
91000,0.1225,0.9559
91050,0.1213,0.9565
91100,0.1201,0.9573
91150,0.1188,0.9578
91200,0.1200,0.9577
91250,0.1200,0.9580
91300,0.1190,0.9583
91350,0.1187,0.9584
91400,0.1186,0.9582
91450,0.1182,0.9584
91500,0.1184,0.9584
91550,0.1182,0.9587
91600,0.1183,0.9588
91650,0.1181,0.9587
91700,0.1178,0.9588
91750,0.1178,0.9587
91800,0.1180,0.9588
91850,0.1179,0.9588
91900,0.1182,0.9588
91950,0.1187,0.9589
92000,0.1184,0.9592
92050,0.1184,0.9592
92100,0.1182,0.9593
92150,0.1180,0.9593
92200,0.1185,0.9593
92250,0.1187,0.9593
92300,0.1185,0.9593
92350,0.1185,0.9594
92400,0.1181,0.9596
92450,0.1181,0.9596
92500,0.1181,0.9595
92550,0.1178,0.9596
92600,0.1126,0.9648
92650,0.1054,0.9649
92700,0.1087,0.9640
92750,0.1129,0.9628
92800,0.1077,0.9640
92850,0.1066,0.9656
92900,0.1090,0.9636
92950,0.1089,0.9635
93000,0.1098,0.9631
93050,0.1112,0.9625
93100,0.1114,0.9624
93150,0.1124,0.9622
93200,0.1125,0.9621
93250,0.1133,0.9621
93300,0.1143,0.9614
93350,0.1155,0.9610
93400,0.1158,0.9613
93450,0.1153,0.9616
93500,0.1158,0.9615
93550,0.1155,0.9617
93600,0.1158,0.9612
93650,0.1159,0.9610
93700,0.1152,0.9612
93750,0.1151,0.9611
93800,0.1158,0.9607
93850,0.1157,0.9609
93900,0.1157,0.9607
93950,0.1156,0.9609
94000,0.1158,0.9607
94050,0.1159,0.9606
94100,0.1163,0.9605
94150,0.1158,0.9608
94200,0.1163,0.9604
94250,0.1168,0.9601
94300,0.1164,0.9603
94350,0.1167,0.9603
94400,0.1165,0.9605
94450,0.1169,0.9604
94500,0.1165,0.9605
94550,0.1167,0.9603
94600,0.1167,0.9604
94650,0.1165,0.9605
94700,0.0950,0.9672
94750,0.1090,0.9621
94800,0.1186,0.9586
94850,0.1124,0.9614
94900,0.1095,0.9631
94950,0.1109,0.9620
95000,0.1085,0.9626
95050,0.1100,0.9623
95100,0.1111,0.9621
95150,0.1115,0.9625
95200,0.1110,0.9627
95250,0.1125,0.9625
95300,0.1134,0.9618
95350,0.1145,0.9612
95400,0.1142,0.9612
95450,0.1138,0.9613
95500,0.1146,0.9610
95550,0.1153,0.9607
95600,0.1142,0.9611
95650,0.1133,0.9613
95700,0.1136,0.9612
95750,0.1128,0.9614
95800,0.1134,0.9615
95850,0.1136,0.9615
95900,0.1139,0.9615
95950,0.1138,0.9616
96000,0.1147,0.9613
96050,0.1143,0.9616
96100,0.1145,0.9614
96150,0.1142,0.9616
96200,0.1146,0.9614
96250,0.1146,0.9614
96300,0.1146,0.9613
96350,0.1146,0.9613
96400,0.1148,0.9612
96450,0.1147,0.9612
96500,0.1150,0.9611
96550,0.1149,0.9611
96600,0.1148,0.9613
96650,0.1148,0.9611
96700,0.1148,0.9612
96750,0.1148,0.9612
96800,0.0677,0.9844
96850,0.0927,0.9678
96900,0.1094,0.9612
96950,0.1119,0.9612
97000,0.1121,0.9615
97050,0.1121,0.9625
97100,0.1112,0.9624
97150,0.1109,0.9622
97200,0.1111,0.9624
97250,0.1100,0.9628
97300,0.1102,0.9630
97350,0.1099,0.9630
97400,0.1110,0.9628
97450,0.1123,0.9623
97500,0.1130,0.9620
97550,0.1147,0.9614
97600,0.1151,0.9611
97650,0.1146,0.9610
97700,0.1150,0.9608
97750,0.1148,0.9608
97800,0.1146,0.9610
97850,0.1138,0.9612
97900,0.1144,0.9609
97950,0.1151,0.9606
98000,0.1152,0.9606
98050,0.1153,0.9603
98100,0.1148,0.9607
98150,0.1147,0.9606
98200,0.1141,0.9609
98250,0.1145,0.9607
98300,0.1144,0.9608
98350,0.1147,0.9606
98400,0.1148,0.9606
98450,0.1146,0.9606
98500,0.1150,0.9605
98550,0.1147,0.9606
98600,0.1149,0.9606
98650,0.1152,0.9605
98700,0.1150,0.9605
98750,0.1153,0.9604
98800,0.1155,0.9603
98850,0.1160,0.9601
98900,0.1378,0.9401
98950,0.1291,0.9516
99000,0.1249,0.9565
99050,0.1145,0.9614
99100,0.1174,0.9599
99150,0.1180,0.9604
99200,0.1187,0.9599
99250,0.1182,0.9599
99300,0.1161,0.9606
99350,0.1150,0.9608
99400,0.1149,0.9609
99450,0.1163,0.9602
99500,0.1168,0.9603
99550,0.1188,0.9595
99600,0.1180,0.9596
99650,0.1185,0.9594
99700,0.1175,0.9597
99750,0.1168,0.9603
99800,0.1162,0.9605
99850,0.1160,0.9607
99900,0.1160,0.9607
99950,0.1163,0.9607
100000,0.1160,0.9605
100050,0.1154,0.9608
100100,0.1150,0.9610
100150,0.1150,0.9611
100200,0.1139,0.9616
100250,0.1142,0.9615
100300,0.1140,0.9615
100350,0.1140,0.9614
100400,0.1143,0.9613
100450,0.1145,0.9613
100500,0.1145,0.9614
100550,0.1145,0.9614
100600,0.1146,0.9614
100650,0.1146,0.9613
100700,0.1149,0.9613
100750,0.1151,0.9612
100800,0.1153,0.9612
100850,0.1149,0.9613
100900,0.1149,0.9611
100950,0.1155,0.9610
101000,0.1176,0.9570
101050,0.1115,0.9623
101100,0.1154,0.9595
101150,0.1129,0.9602
101200,0.1172,0.9588
101250,0.1154,0.9589
101300,0.1131,0.9596
101350,0.1158,0.9588
101400,0.1181,0.9580
101450,0.1181,0.9584
101500,0.1172,0.9590
101550,0.1163,0.9594
101600,0.1165,0.9589
101650,0.1178,0.9585
101700,0.1174,0.9587
101750,0.1182,0.9582
101800,0.1173,0.9586
101850,0.1173,0.9587
101900,0.1164,0.9594
101950,0.1159,0.9596
102000,0.1162,0.9598
102050,0.1164,0.9597
102100,0.1163,0.9597
102150,0.1161,0.9596
102200,0.1154,0.9597
102250,0.1155,0.9597
102300,0.1163,0.9593
102350,0.1169,0.9593
102400,0.1167,0.9595
102450,0.1164,0.9597
102500,0.1163,0.9600
102550,0.1162,0.9602
102600,0.1161,0.9602
102650,0.1159,0.9604
102700,0.1157,0.9606
102750,0.1156,0.9605
102800,0.1161,0.9603
102850,0.1162,0.9603
102900,0.1168,0.9600
102950,0.1164,0.9601
103000,0.1162,0.9602
103050,0.1161,0.9602
103100,0.1364,0.9453
103150,0.1137,0.9601
103200,0.1127,0.9588
103250,0.1141,0.9594
103300,0.1152,0.9600
103350,0.1178,0.9588
103400,0.1179,0.9586
103450,0.1183,0.9589
103500,0.1175,0.9589
103550,0.1164,0.9590
103600,0.1163,0.9589
103650,0.1174,0.9583
103700,0.1174,0.9584
103750,0.1181,0.9581
103800,0.1176,0.9584
103850,0.1166,0.9588
103900,0.1158,0.9591
103950,0.1168,0.9587
104000,0.1162,0.9590
104050,0.1154,0.9595
104100,0.1151,0.9598
104150,0.1151,0.9597
104200,0.1147,0.9599
104250,0.1153,0.9596
104300,0.1158,0.9593
104350,0.1166,0.9591
104400,0.1172,0.9589
104450,0.1165,0.9592
104500,0.1160,0.9595
104550,0.1156,0.9597
104600,0.1154,0.9599
104650,0.1153,0.9601
104700,0.1155,0.9600
104750,0.1159,0.9599
104800,0.1165,0.9597
104850,0.1167,0.9598
104900,0.1168,0.9597
104950,0.1165,0.9598
105000,0.1162,0.9600
105050,0.1163,0.9599
105100,0.1156,0.9602
105150,0.1154,0.9604
105200,0.1153,0.9604
