lr,lora_r,lora_alpha,epochs,weight_decay,adam_beta1,adam_beta2,best_val_acc,best_val_loss,best_iteration,last_val_acc,last_val_loss,last_iteration,metrics_dir,status
0.0003,32,16.0,3,0.0,0.9,0.999,0.9163,0.2617,6312,0.9163,0.2617,6312,distilbert_autogrid/results/lr_3p0000e-04_r32_a16_ep3_wd_0p0000e00,ok
0.0003,128,16.0,3,0.1,0.9,0.999,0.9117,0.2526,4208,0.9094,0.2691,6312,distilbert_autogrid/results/lr_3p0000e-04_r128_a16_ep3_wd_1p0000e-01,ok
0.0003,32,32.0,3,0.01,0.9,0.999,0.9117,0.2603,2104,0.8899,0.3044,6312,distilbert_autogrid/results/lr_3p0000e-04_r32_a32_ep3_wd_1p0000e-02,ok
0.0003,64,64.0,3,0.01,0.9,0.999,0.9106,0.2675,4208,0.9025,0.2885,6312,distilbert_autogrid/results/lr_3p0000e-04_r64_a64_ep3_wd_1p0000e-02,ok
0.0003,64,8.0,3,0.01,0.9,0.999,0.9106,0.2578,4208,0.9014,0.2578,6312,distilbert_autogrid/results/lr_3p0000e-04_r64_a8_ep3_wd_1p0000e-02,ok
0.0003,32,32.0,3,0.0,0.9,0.999,0.9094,0.2909,6312,0.9094,0.2909,6312,distilbert_autogrid/results/lr_3p0000e-04_r32_a32_ep3_wd_0p0000e00,ok
0.0003,128,32.0,3,0.0,0.9,0.999,0.9083,0.2855,6312,0.9083,0.2855,6312,distilbert_autogrid/results/lr_3p0000e-04_r128_a32_ep3_wd_0p0000e00,ok
0.0003,128,8.0,3,0.01,0.9,0.999,0.9083,0.2461,2104,0.9037,0.265,6312,distilbert_autogrid/results/lr_3p0000e-04_r128_a8_ep3_wd_1p0000e-02,ok
0.0003,16,32.0,3,0.1,0.9,0.999,0.9083,0.286,6312,0.9083,0.286,6312,distilbert_autogrid/results/lr_3p0000e-04_r16_a32_ep3_wd_1p0000e-01,ok
0.0003,16,8.0,3,0.1,0.9,0.999,0.9083,0.271,6312,0.9083,0.271,6312,distilbert_autogrid/results/lr_3p0000e-04_r16_a8_ep3_wd_1p0000e-01,ok
0.0003,32,64.0,3,0.1,0.9,0.999,0.9083,0.2696,4208,0.8991,0.2992,6312,distilbert_autogrid/results/lr_3p0000e-04_r32_a64_ep3_wd_1p0000e-01,ok
0.0003,32,8.0,3,0.01,0.9,0.999,0.9083,0.2576,6312,0.9083,0.2576,6312,distilbert_autogrid/results/lr_3p0000e-04_r32_a8_ep3_wd_1p0000e-02,ok
0.0003,64,8.0,3,0.1,0.9,0.999,0.9083,0.2563,4208,0.9048,0.2682,6312,distilbert_autogrid/results/lr_3p0000e-04_r64_a8_ep3_wd_1p0000e-01,ok
0.0003,128,128.0,3,0.1,0.9,0.999,0.9071,0.2932,6312,0.9071,0.2932,6312,distilbert_autogrid/results/lr_3p0000e-04_r128_a128_ep3_wd_1p0000e-01,ok
0.0003,128,16.0,3,0.0,0.9,0.999,0.9071,0.2457,2104,0.9071,0.2707,6312,distilbert_autogrid/results/lr_3p0000e-04_r128_a16_ep3_wd_0p0000e00,ok
0.0003,128,8.0,3,0.0,0.9,0.999,0.9071,0.2589,4208,0.906,0.2676,6312,distilbert_autogrid/results/lr_3p0000e-04_r128_a8_ep3_wd_0p0000e00,ok
0.0003,64,8.0,3,0.0,0.9,0.999,0.9071,0.2543,4208,0.9025,0.2622,6312,distilbert_autogrid/results/lr_3p0000e-04_r64_a8_ep3_wd_0p0000e00,ok
0.0003,8,64.0,3,0.01,0.9,0.999,0.9071,0.2986,6312,0.9071,0.2986,6312,distilbert_autogrid/results/lr_3p0000e-04_r8_a64_ep3_wd_1p0000e-02,ok
0.0003,8,8.0,3,0.01,0.9,0.999,0.9071,0.2729,4208,0.9014,0.2907,6312,distilbert_autogrid/results/lr_3p0000e-04_r8_a8_ep3_wd_1p0000e-02,ok
3e-05,64,128.0,3,0.01,0.9,0.999,0.9071,0.2561,6312,0.9071,0.2561,6312,distilbert_autogrid/results/lr_3p0000e-05_r64_a128_ep3_wd_1p0000e-02,ok
0.0003,128,16.0,3,0.01,0.9,0.999,0.906,0.2662,6312,0.906,0.2662,6312,distilbert_autogrid/results/lr_3p0000e-04_r128_a16_ep3_wd_1p0000e-02,ok
0.0003,128,32.0,3,0.1,0.9,0.999,0.906,0.2461,2104,0.9002,0.2868,6312,distilbert_autogrid/results/lr_3p0000e-04_r128_a32_ep3_wd_1p0000e-01,ok
0.0003,16,16.0,3,0.0,0.9,0.999,0.906,0.2715,6312,0.906,0.2715,6312,distilbert_autogrid/results/lr_3p0000e-04_r16_a16_ep3_wd_0p0000e00,ok
0.0003,16,16.0,3,0.01,0.9,0.999,0.906,0.2567,4208,0.9048,0.2722,6312,distilbert_autogrid/results/lr_3p0000e-04_r16_a16_ep3_wd_1p0000e-02,ok
0.0003,16,8.0,3,0.0,0.9,0.999,0.906,0.2617,4208,0.906,0.2698,6312,distilbert_autogrid/results/lr_3p0000e-04_r16_a8_ep3_wd_0p0000e00,ok
0.0003,32,32.0,3,0.1,0.9,0.999,0.906,0.2649,4208,0.9037,0.2838,6312,distilbert_autogrid/results/lr_3p0000e-04_r32_a32_ep3_wd_1p0000e-01,ok
0.0003,128,64.0,3,0.01,0.9,0.999,0.9048,0.3083,6312,0.9048,0.3083,6312,distilbert_autogrid/results/lr_3p0000e-04_r128_a64_ep3_wd_1p0000e-02,ok
0.0003,16,32.0,3,0.0,0.9,0.999,0.9048,0.2838,6312,0.9048,0.2838,6312,distilbert_autogrid/results/lr_3p0000e-04_r16_a32_ep3_wd_0p0000e00,ok
0.0003,64,32.0,3,0.1,0.9,0.999,0.9048,0.2804,4208,0.9048,0.2853,6312,distilbert_autogrid/results/lr_3p0000e-04_r64_a32_ep3_wd_1p0000e-01,ok
0.0003,8,128.0,3,0.01,0.9,0.999,0.9048,0.2693,4208,0.8991,0.3169,6312,distilbert_autogrid/results/lr_3p0000e-04_r8_a128_ep3_wd_1p0000e-02,ok
0.0003,8,16.0,3,0.1,0.9,0.999,0.9048,0.2586,4208,0.9037,0.2707,6312,distilbert_autogrid/results/lr_3p0000e-04_r8_a16_ep3_wd_1p0000e-01,ok
3e-05,16,128.0,3,0.1,0.9,0.999,0.9048,0.259,6312,0.9048,0.259,6312,distilbert_autogrid/results/lr_3p0000e-05_r16_a128_ep3_wd_1p0000e-01,ok
0.0003,128,128.0,3,0.01,0.9,0.999,0.9037,0.2944,4208,0.8945,0.3209,6312,distilbert_autogrid/results/lr_3p0000e-04_r128_a128_ep3_wd_1p0000e-02,ok
0.0003,32,16.0,3,0.01,0.9,0.999,0.9037,0.2538,2104,0.9037,0.2763,6312,distilbert_autogrid/results/lr_3p0000e-04_r32_a16_ep3_wd_1p0000e-02,ok
0.0003,32,8.0,3,0.0,0.9,0.999,0.9037,0.2637,6312,0.9037,0.2637,6312,distilbert_autogrid/results/lr_3p0000e-04_r32_a8_ep3_wd_0p0000e00,ok
0.0003,64,16.0,3,0.1,0.9,0.999,0.9037,0.2533,2104,0.9025,0.2781,6312,distilbert_autogrid/results/lr_3p0000e-04_r64_a16_ep3_wd_1p0000e-01,ok
0.0003,8,16.0,3,0.01,0.9,0.999,0.9037,0.2826,6312,0.9037,0.2826,6312,distilbert_autogrid/results/lr_3p0000e-04_r8_a16_ep3_wd_1p0000e-02,ok
3e-05,16,128.0,3,0.0,0.9,0.999,0.9037,0.2608,4208,0.9025,0.2585,6312,distilbert_autogrid/results/lr_3p0000e-05_r16_a128_ep3_wd_0p0000e00,ok
3e-05,16,128.0,3,0.01,0.9,0.999,0.9037,0.2587,4208,0.9037,0.2569,6312,distilbert_autogrid/results/lr_3p0000e-05_r16_a128_ep3_wd_1p0000e-02,ok
3e-05,32,128.0,3,0.0,0.9,0.999,0.9037,0.2532,4208,0.9025,0.2544,6312,distilbert_autogrid/results/lr_3p0000e-05_r32_a128_ep3_wd_0p0000e00,ok
3e-05,64,128.0,3,0.0,0.9,0.999,0.9037,0.2587,6312,0.9037,0.2587,6312,distilbert_autogrid/results/lr_3p0000e-05_r64_a128_ep3_wd_0p0000e00,ok
3e-05,8,128.0,3,0.0,0.9,0.999,0.9037,0.2645,4208,0.9014,0.2632,6312,distilbert_autogrid/results/lr_3p0000e-05_r8_a128_ep3_wd_0p0000e00,ok
0.0003,128,64.0,3,0.1,0.9,0.999,0.9025,0.2948,6312,0.9025,0.2948,6312,distilbert_autogrid/results/lr_3p0000e-04_r128_a64_ep3_wd_1p0000e-01,ok
0.0003,16,128.0,3,0.1,0.9,0.999,0.9025,0.3083,6312,0.9025,0.3083,6312,distilbert_autogrid/results/lr_3p0000e-04_r16_a128_ep3_wd_1p0000e-01,ok
0.0003,16,128.0,3,0.01,0.9,0.999,0.9025,0.2787,4208,0.8979,0.3137,6312,distilbert_autogrid/results/lr_3p0000e-04_r16_a128_ep3_wd_1p0000e-02,ok
0.0003,16,16.0,3,0.1,0.9,0.999,0.9025,0.2705,6312,0.9025,0.2705,6312,distilbert_autogrid/results/lr_3p0000e-04_r16_a16_ep3_wd_1p0000e-01,ok
0.0003,32,128.0,3,0.01,0.9,0.999,0.9025,0.2965,6312,0.9025,0.2965,6312,distilbert_autogrid/results/lr_3p0000e-04_r32_a128_ep3_wd_1p0000e-02,ok
0.0003,32,64.0,3,0.01,0.9,0.999,0.9025,0.2657,4208,0.8945,0.3081,6312,distilbert_autogrid/results/lr_3p0000e-04_r32_a64_ep3_wd_1p0000e-02,ok
0.0003,32,8.0,3,0.1,0.9,0.999,0.9025,0.2573,2104,0.8945,0.2787,6312,distilbert_autogrid/results/lr_3p0000e-04_r32_a8_ep3_wd_1p0000e-01,ok
0.0003,8,16.0,3,0.0,0.9,0.999,0.9025,0.2862,4208,0.9014,0.2965,6312,distilbert_autogrid/results/lr_3p0000e-04_r8_a16_ep3_wd_0p0000e00,ok
0.0003,8,32.0,3,0.1,0.9,0.999,0.9025,0.2522,2104,0.9025,0.2925,6312,distilbert_autogrid/results/lr_3p0000e-04_r8_a32_ep3_wd_1p0000e-01,ok
0.0003,8,8.0,3,0.0,0.9,0.999,0.9025,0.2652,2104,0.9014,0.2734,6312,distilbert_autogrid/results/lr_3p0000e-04_r8_a8_ep3_wd_0p0000e00,ok
3e-05,64,128.0,3,0.1,0.9,0.999,0.9025,0.2604,6312,0.9025,0.2604,6312,distilbert_autogrid/results/lr_3p0000e-05_r64_a128_ep3_wd_1p0000e-01,ok
3e-05,64,64.0,3,0.0,0.9,0.999,0.9025,0.2614,6312,0.9025,0.2614,6312,distilbert_autogrid/results/lr_3p0000e-05_r64_a64_ep3_wd_0p0000e00,ok
0.0003,128,128.0,3,0.0,0.9,0.999,0.9014,0.2807,4208,0.9002,0.3003,6312,distilbert_autogrid/results/lr_3p0000e-04_r128_a128_ep3_wd_0p0000e00,ok
0.0003,128,32.0,3,0.01,0.9,0.999,0.9014,0.2832,6312,0.9014,0.2832,6312,distilbert_autogrid/results/lr_3p0000e-04_r128_a32_ep3_wd_1p0000e-02,ok
0.0003,128,64.0,3,0.0,0.9,0.999,0.9014,0.288,4208,0.9002,0.3091,6312,distilbert_autogrid/results/lr_3p0000e-04_r128_a64_ep3_wd_0p0000e00,ok
0.0003,128,8.0,3,0.1,0.9,0.999,0.9014,0.2652,6312,0.9014,0.2652,6312,distilbert_autogrid/results/lr_3p0000e-04_r128_a8_ep3_wd_1p0000e-01,ok
0.0003,16,64.0,3,0.0,0.9,0.999,0.9014,0.2785,4208,0.9014,0.314,6312,distilbert_autogrid/results/lr_3p0000e-04_r16_a64_ep3_wd_0p0000e00,ok
0.0003,32,16.0,3,0.1,0.9,0.999,0.9014,0.2676,4208,0.8991,0.285,6312,distilbert_autogrid/results/lr_3p0000e-04_r32_a16_ep3_wd_1p0000e-01,ok
0.0003,64,128.0,3,0.01,0.9,0.999,0.9014,0.2686,2104,0.8991,0.3261,6312,distilbert_autogrid/results/lr_3p0000e-04_r64_a128_ep3_wd_1p0000e-02,ok
0.0003,64,32.0,3,0.0,0.9,0.999,0.9014,0.2971,6312,0.9014,0.2971,6312,distilbert_autogrid/results/lr_3p0000e-04_r64_a32_ep3_wd_0p0000e00,ok
0.0003,64,64.0,3,0.0,0.9,0.999,0.9014,0.2652,2104,0.8968,0.2971,6312,distilbert_autogrid/results/lr_3p0000e-04_r64_a64_ep3_wd_0p0000e00,ok
0.0003,8,8.0,3,0.1,0.9,0.999,0.9014,0.2701,2104,0.9002,0.2795,6312,distilbert_autogrid/results/lr_3p0000e-04_r8_a8_ep3_wd_1p0000e-01,ok
3e-05,128,128.0,3,0.01,0.9,0.999,0.9014,0.2619,6312,0.9014,0.2619,6312,distilbert_autogrid/results/lr_3p0000e-05_r128_a128_ep3_wd_1p0000e-02,ok
0.0003,16,64.0,3,0.1,0.9,0.999,0.9002,0.2856,4208,0.9002,0.3133,6312,distilbert_autogrid/results/lr_3p0000e-04_r16_a64_ep3_wd_1p0000e-01,ok
0.0003,64,128.0,3,0.0,0.9,0.999,0.9002,0.3116,6312,0.9002,0.3116,6312,distilbert_autogrid/results/lr_3p0000e-04_r64_a128_ep3_wd_0p0000e00,ok
0.0003,64,16.0,3,0.01,0.9,0.999,0.9002,0.2703,2104,0.8956,0.2917,6312,distilbert_autogrid/results/lr_3p0000e-04_r64_a16_ep3_wd_1p0000e-02,ok
0.0003,64,32.0,3,0.01,0.9,0.999,0.9002,0.2986,6312,0.9002,0.2986,6312,distilbert_autogrid/results/lr_3p0000e-04_r64_a32_ep3_wd_1p0000e-02,ok
3e-05,128,128.0,3,0.0,0.9,0.999,0.9002,0.2603,4208,0.8945,0.2665,6312,distilbert_autogrid/results/lr_3p0000e-05_r128_a128_ep3_wd_0p0000e00,ok
3e-05,8,128.0,3,0.01,0.9,0.999,0.9002,0.2642,6312,0.9002,0.2642,6312,distilbert_autogrid/results/lr_3p0000e-05_r8_a128_ep3_wd_1p0000e-02,ok
0.0003,16,8.0,3,0.01,0.9,0.999,0.8991,0.2577,2104,0.8945,0.2681,6312,distilbert_autogrid/results/lr_3p0000e-04_r16_a8_ep3_wd_1p0000e-02,ok
0.0003,32,64.0,3,0.0,0.9,0.999,0.8991,0.2671,4208,0.8968,0.3044,6312,distilbert_autogrid/results/lr_3p0000e-04_r32_a64_ep3_wd_0p0000e00,ok
0.0003,64,16.0,3,0.0,0.9,0.999,0.8991,0.2751,4208,0.8945,0.2798,6312,distilbert_autogrid/results/lr_3p0000e-04_r64_a16_ep3_wd_0p0000e00,ok
0.0003,8,128.0,3,0.0,0.9,0.999,0.8991,0.2659,2104,0.8888,0.3287,6312,distilbert_autogrid/results/lr_3p0000e-04_r8_a128_ep3_wd_0p0000e00,ok
0.0003,8,64.0,3,0.0,0.9,0.999,0.8991,0.2839,4208,0.8899,0.3286,6312,distilbert_autogrid/results/lr_3p0000e-04_r8_a64_ep3_wd_0p0000e00,ok
3e-05,128,64.0,3,0.01,0.9,0.999,0.8991,0.2609,6312,0.8991,0.2609,6312,distilbert_autogrid/results/lr_3p0000e-05_r128_a64_ep3_wd_1p0000e-02,ok
3e-05,32,128.0,3,0.1,0.9,0.999,0.8991,0.2562,4208,0.8968,0.2612,6312,distilbert_autogrid/results/lr_3p0000e-05_r32_a128_ep3_wd_1p0000e-01,ok
3e-05,32,64.0,3,0.01,0.9,0.999,0.8991,0.2655,4208,0.8979,0.2637,6312,distilbert_autogrid/results/lr_3p0000e-05_r32_a64_ep3_wd_1p0000e-02,ok
3e-05,8,128.0,3,0.1,0.9,0.999,0.8991,0.2681,6312,0.8991,0.2681,6312,distilbert_autogrid/results/lr_3p0000e-05_r8_a128_ep3_wd_1p0000e-01,ok
0.0003,16,32.0,3,0.01,0.9,0.999,0.8979,0.2995,6312,0.8979,0.2995,6312,distilbert_autogrid/results/lr_3p0000e-04_r16_a32_ep3_wd_1p0000e-02,ok
0.0003,64,64.0,3,0.1,0.9,0.999,0.8979,0.2691,4208,0.8945,0.3044,6312,distilbert_autogrid/results/lr_3p0000e-04_r64_a64_ep3_wd_1p0000e-01,ok
0.0003,8,32.0,3,0.01,0.9,0.999,0.8979,0.3011,6312,0.8979,0.3011,6312,distilbert_autogrid/results/lr_3p0000e-04_r8_a32_ep3_wd_1p0000e-02,ok
3e-05,128,128.0,3,0.1,0.9,0.999,0.8979,0.2631,6312,0.8979,0.2631,6312,distilbert_autogrid/results/lr_3p0000e-05_r128_a128_ep3_wd_1p0000e-01,ok
0.0003,8,64.0,3,0.1,0.9,0.999,0.8968,0.3078,6312,0.8968,0.3078,6312,distilbert_autogrid/results/lr_3p0000e-04_r8_a64_ep3_wd_1p0000e-01,ok
3e-05,32,32.0,3,0.1,0.9,0.999,0.8968,0.264,4208,0.8956,0.2641,6312,distilbert_autogrid/results/lr_3p0000e-05_r32_a32_ep3_wd_1p0000e-01,ok
3e-05,64,64.0,3,0.01,0.9,0.999,0.8968,0.2596,6312,0.8968,0.2596,6312,distilbert_autogrid/results/lr_3p0000e-05_r64_a64_ep3_wd_1p0000e-02,ok
0.0003,32,128.0,3,0.0,0.9,0.999,0.8956,0.2974,2104,0.8911,0.3497,6312,distilbert_autogrid/results/lr_3p0000e-04_r32_a128_ep3_wd_0p0000e00,ok
0.0003,32,128.0,3,0.1,0.9,0.999,0.8956,0.3001,4208,0.8956,0.3236,6312,distilbert_autogrid/results/lr_3p0000e-04_r32_a128_ep3_wd_1p0000e-01,ok
0.0003,64,128.0,3,0.1,0.9,0.999,0.8956,0.3266,6312,0.8956,0.3266,6312,distilbert_autogrid/results/lr_3p0000e-04_r64_a128_ep3_wd_1p0000e-01,ok
0.0003,8,128.0,3,0.1,0.9,0.999,0.8956,0.3107,6312,0.8956,0.3107,6312,distilbert_autogrid/results/lr_3p0000e-04_r8_a128_ep3_wd_1p0000e-01,ok
3e-05,16,64.0,3,0.0,0.9,0.999,0.8956,0.2753,6312,0.8956,0.2753,6312,distilbert_autogrid/results/lr_3p0000e-05_r16_a64_ep3_wd_0p0000e00,ok
3e-05,128,64.0,3,0.1,0.9,0.999,0.8945,0.2657,4208,0.8922,0.2657,6312,distilbert_autogrid/results/lr_3p0000e-05_r128_a64_ep3_wd_1p0000e-01,ok
3e-05,64,32.0,3,0.01,0.9,0.999,0.8945,0.2654,6312,0.8945,0.2654,6312,distilbert_autogrid/results/lr_3p0000e-05_r64_a32_ep3_wd_1p0000e-02,ok
0.0003,8,32.0,3,0.0,0.9,0.999,0.8933,0.326,6312,0.8933,0.326,6312,distilbert_autogrid/results/lr_3p0000e-04_r8_a32_ep3_wd_0p0000e00,ok
3e-05,16,64.0,3,0.1,0.9,0.999,0.8933,0.2673,6312,0.8933,0.2673,6312,distilbert_autogrid/results/lr_3p0000e-05_r16_a64_ep3_wd_1p0000e-01,ok
0.0003,16,64.0,3,0.01,0.9,0.999,0.8922,0.3043,4208,0.8899,0.3398,6312,distilbert_autogrid/results/lr_3p0000e-04_r16_a64_ep3_wd_1p0000e-02,ok
3e-05,16,64.0,3,0.01,0.9,0.999,0.8922,0.2655,6312,0.8922,0.2655,6312,distilbert_autogrid/results/lr_3p0000e-05_r16_a64_ep3_wd_1p0000e-02,ok
3e-05,32,128.0,3,0.01,0.9,0.999,0.8922,0.2777,6312,0.8922,0.2777,6312,distilbert_autogrid/results/lr_3p0000e-05_r32_a128_ep3_wd_1p0000e-02,ok
3e-05,64,64.0,3,0.1,0.9,0.999,0.8922,0.2618,4208,0.8922,0.2668,6312,distilbert_autogrid/results/lr_3p0000e-05_r64_a64_ep3_wd_1p0000e-01,ok
3e-05,8,64.0,3,0.1,0.9,0.999,0.8922,0.2697,4208,0.8888,0.2743,6312,distilbert_autogrid/results/lr_3p0000e-05_r8_a64_ep3_wd_1p0000e-01,ok
3e-05,128,32.0,3,0.1,0.9,0.999,0.8911,0.2706,4208,0.8911,0.2683,6312,distilbert_autogrid/results/lr_3p0000e-05_r128_a32_ep3_wd_1p0000e-01,ok
3e-05,16,32.0,3,0.0,0.9,0.999,0.8911,0.2762,4208,0.8876,0.2732,6312,distilbert_autogrid/results/lr_3p0000e-05_r16_a32_ep3_wd_0p0000e00,ok
3e-05,128,32.0,3,0.01,0.9,0.999,0.8899,0.267,4208,0.8899,0.2637,6312,distilbert_autogrid/results/lr_3p0000e-05_r128_a32_ep3_wd_1p0000e-02,ok
3e-05,128,64.0,3,0.0,0.9,0.999,0.8899,0.2628,6312,0.8899,0.2628,6312,distilbert_autogrid/results/lr_3p0000e-05_r128_a64_ep3_wd_0p0000e00,ok
3e-05,16,32.0,3,0.1,0.9,0.999,0.8899,0.2688,6312,0.8899,0.2688,6312,distilbert_autogrid/results/lr_3p0000e-05_r16_a32_ep3_wd_1p0000e-01,ok
3e-05,32,64.0,3,0.1,0.9,0.999,0.8899,0.2764,6312,0.8899,0.2764,6312,distilbert_autogrid/results/lr_3p0000e-05_r32_a64_ep3_wd_1p0000e-01,ok
3e-05,64,32.0,3,0.1,0.9,0.999,0.8888,0.2739,4208,0.8888,0.2716,6312,distilbert_autogrid/results/lr_3p0000e-05_r64_a32_ep3_wd_1p0000e-01,ok
3e-05,8,64.0,3,0.0,0.9,0.999,0.8888,0.2699,4208,0.8865,0.2713,6312,distilbert_autogrid/results/lr_3p0000e-05_r8_a64_ep3_wd_0p0000e00,ok
0.0003,16,128.0,3,0.0,0.9,0.999,0.8876,0.2976,2104,0.8865,0.3513,6312,distilbert_autogrid/results/lr_3p0000e-04_r16_a128_ep3_wd_0p0000e00,ok
3e-05,32,32.0,3,0.0,0.9,0.999,0.8876,0.2751,6312,0.8876,0.2751,6312,distilbert_autogrid/results/lr_3p0000e-05_r32_a32_ep3_wd_0p0000e00,ok
3e-05,64,32.0,3,0.0,0.9,0.999,0.8865,0.2725,6312,0.8865,0.2725,6312,distilbert_autogrid/results/lr_3p0000e-05_r64_a32_ep3_wd_0p0000e00,ok
3e-05,8,64.0,3,0.01,0.9,0.999,0.8865,0.2738,4208,0.8853,0.2757,6312,distilbert_autogrid/results/lr_3p0000e-05_r8_a64_ep3_wd_1p0000e-02,ok
3e-05,128,16.0,3,0.0,0.9,0.999,0.8853,0.2797,6312,0.8853,0.2797,6312,distilbert_autogrid/results/lr_3p0000e-05_r128_a16_ep3_wd_0p0000e00,ok
3e-05,128,32.0,3,0.0,0.9,0.999,0.8853,0.2691,6312,0.8853,0.2691,6312,distilbert_autogrid/results/lr_3p0000e-05_r128_a32_ep3_wd_0p0000e00,ok
3e-05,16,32.0,3,0.01,0.9,0.999,0.8853,0.2753,4208,0.8842,0.2726,6312,distilbert_autogrid/results/lr_3p0000e-05_r16_a32_ep3_wd_1p0000e-02,ok
3e-05,32,16.0,3,0.1,0.9,0.999,0.8853,0.2783,6312,0.8853,0.2783,6312,distilbert_autogrid/results/lr_3p0000e-05_r32_a16_ep3_wd_1p0000e-01,ok
3e-05,32,32.0,3,0.01,0.9,0.999,0.8853,0.2717,6312,0.8853,0.2717,6312,distilbert_autogrid/results/lr_3p0000e-05_r32_a32_ep3_wd_1p0000e-02,ok
3e-05,64,16.0,3,0.0,0.9,0.999,0.8853,0.2791,6312,0.8853,0.2791,6312,distilbert_autogrid/results/lr_3p0000e-05_r64_a16_ep3_wd_0p0000e00,ok
3e-05,128,16.0,3,0.01,0.9,0.999,0.8842,0.2784,6312,0.8842,0.2784,6312,distilbert_autogrid/results/lr_3p0000e-05_r128_a16_ep3_wd_1p0000e-02,ok
3e-05,32,16.0,3,0.0,0.9,0.999,0.8842,0.2809,6312,0.8842,0.2809,6312,distilbert_autogrid/results/lr_3p0000e-05_r32_a16_ep3_wd_0p0000e00,ok
3e-05,32,64.0,3,0.0,0.9,0.999,0.8842,0.2705,6312,0.8842,0.2705,6312,distilbert_autogrid/results/lr_3p0000e-05_r32_a64_ep3_wd_0p0000e00,ok
3e-05,8,32.0,3,0.0,0.9,0.999,0.8842,0.2792,4208,0.8819,0.2777,6312,distilbert_autogrid/results/lr_3p0000e-05_r8_a32_ep3_wd_0p0000e00,ok
3e-05,8,32.0,3,0.01,0.9,0.999,0.8842,0.2734,6312,0.8842,0.2734,6312,distilbert_autogrid/results/lr_3p0000e-05_r8_a32_ep3_wd_1p0000e-02,ok
3e-05,8,16.0,3,0.01,0.9,0.999,0.883,0.2845,6312,0.883,0.2845,6312,distilbert_autogrid/results/lr_3p0000e-05_r8_a16_ep3_wd_1p0000e-02,ok
3e-05,128,16.0,3,0.1,0.9,0.999,0.8819,0.2808,6312,0.8819,0.2808,6312,distilbert_autogrid/results/lr_3p0000e-05_r128_a16_ep3_wd_1p0000e-01,ok
3e-05,16,16.0,3,0.1,0.9,0.999,0.8819,0.278,4208,0.8796,0.2772,6312,distilbert_autogrid/results/lr_3p0000e-05_r16_a16_ep3_wd_1p0000e-01,ok
3e-05,8,16.0,3,0.0,0.9,0.999,0.8819,0.2885,6312,0.8819,0.2885,6312,distilbert_autogrid/results/lr_3p0000e-05_r8_a16_ep3_wd_0p0000e00,ok
3e-05,8,32.0,3,0.1,0.9,0.999,0.8807,0.2806,4208,0.8796,0.2803,6312,distilbert_autogrid/results/lr_3p0000e-05_r8_a32_ep3_wd_1p0000e-01,ok
3e-05,16,16.0,3,0.01,0.9,0.999,0.8796,0.2853,6312,0.8796,0.2853,6312,distilbert_autogrid/results/lr_3p0000e-05_r16_a16_ep3_wd_1p0000e-02,ok
3e-05,64,16.0,3,0.1,0.9,0.999,0.8796,0.2881,6312,0.8796,0.2881,6312,distilbert_autogrid/results/lr_3p0000e-05_r64_a16_ep3_wd_1p0000e-01,ok
3e-05,16,16.0,3,0.0,0.9,0.999,0.8784,0.283,4208,0.875,0.2805,6312,distilbert_autogrid/results/lr_3p0000e-05_r16_a16_ep3_wd_0p0000e00,ok
3e-05,32,8.0,3,0.0,0.9,0.999,0.8784,0.2928,6312,0.8784,0.2928,6312,distilbert_autogrid/results/lr_3p0000e-05_r32_a8_ep3_wd_0p0000e00,ok
3e-05,8,16.0,3,0.1,0.9,0.999,0.8784,0.288,4208,0.875,0.2871,6312,distilbert_autogrid/results/lr_3p0000e-05_r8_a16_ep3_wd_1p0000e-01,ok
3e-05,128,8.0,3,0.0,0.9,0.999,0.8773,0.2915,6312,0.8773,0.2915,6312,distilbert_autogrid/results/lr_3p0000e-05_r128_a8_ep3_wd_0p0000e00,ok
3e-05,32,16.0,3,0.01,0.9,0.999,0.8773,0.2852,6312,0.8773,0.2852,6312,distilbert_autogrid/results/lr_3p0000e-05_r32_a16_ep3_wd_1p0000e-02,ok
3e-05,16,8.0,3,0.1,0.9,0.999,0.8761,0.293,6312,0.8761,0.293,6312,distilbert_autogrid/results/lr_3p0000e-05_r16_a8_ep3_wd_1p0000e-01,ok
3e-05,16,8.0,3,0.01,0.9,0.999,0.8761,0.2931,6312,0.8761,0.2931,6312,distilbert_autogrid/results/lr_3p0000e-05_r16_a8_ep3_wd_1p0000e-02,ok
3e-05,32,8.0,3,0.1,0.9,0.999,0.8761,0.2968,6312,0.8761,0.2968,6312,distilbert_autogrid/results/lr_3p0000e-05_r32_a8_ep3_wd_1p0000e-01,ok
3e-05,32,8.0,3,0.01,0.9,0.999,0.875,0.2944,6312,0.875,0.2944,6312,distilbert_autogrid/results/lr_3p0000e-05_r32_a8_ep3_wd_1p0000e-02,ok
3e-05,64,16.0,3,0.01,0.9,0.999,0.875,0.2955,4208,0.8739,0.2898,6312,distilbert_autogrid/results/lr_3p0000e-05_r64_a16_ep3_wd_1p0000e-02,ok
3e-05,128,8.0,3,0.1,0.9,0.999,0.8739,0.2985,4208,0.8704,0.2962,6312,distilbert_autogrid/results/lr_3p0000e-05_r128_a8_ep3_wd_1p0000e-01,ok
3e-05,16,8.0,3,0.0,0.9,0.999,0.8739,0.2975,6312,0.8739,0.2975,6312,distilbert_autogrid/results/lr_3p0000e-05_r16_a8_ep3_wd_0p0000e00,ok
3e-05,8,8.0,3,0.0,0.9,0.999,0.8739,0.3006,4208,0.8739,0.2936,6312,distilbert_autogrid/results/lr_3p0000e-05_r8_a8_ep3_wd_0p0000e00,ok
3e-05,128,8.0,3,0.01,0.9,0.999,0.8727,0.2923,6312,0.8727,0.2923,6312,distilbert_autogrid/results/lr_3p0000e-05_r128_a8_ep3_wd_1p0000e-02,ok
3e-05,64,8.0,3,0.0,0.9,0.999,0.8727,0.2944,6312,0.8727,0.2944,6312,distilbert_autogrid/results/lr_3p0000e-05_r64_a8_ep3_wd_0p0000e00,ok
3e-05,64,8.0,3,0.1,0.9,0.999,0.8727,0.2941,6312,0.8727,0.2941,6312,distilbert_autogrid/results/lr_3p0000e-05_r64_a8_ep3_wd_1p0000e-01,ok
3e-05,64,8.0,3,0.01,0.9,0.999,0.8716,0.2975,6312,0.8716,0.2975,6312,distilbert_autogrid/results/lr_3p0000e-05_r64_a8_ep3_wd_1p0000e-02,ok
3e-05,8,8.0,3,0.01,0.9,0.999,0.8716,0.295,6312,0.8716,0.295,6312,distilbert_autogrid/results/lr_3p0000e-05_r8_a8_ep3_wd_1p0000e-02,ok
3e-05,8,8.0,3,0.1,0.9,0.999,0.8693,0.2993,6312,0.8693,0.2993,6312,distilbert_autogrid/results/lr_3p0000e-05_r8_a8_ep3_wd_1p0000e-01,ok
3e-06,128,128.0,3,0.1,0.9,0.999,0.8635,0.3279,6312,0.8635,0.3279,6312,distilbert_autogrid/results/lr_3p0000e-06_r128_a128_ep3_wd_1p0000e-01,ok
3e-06,8,128.0,3,0.01,0.9,0.999,0.8601,0.3416,6312,0.8601,0.3416,6312,distilbert_autogrid/results/lr_3p0000e-06_r8_a128_ep3_wd_1p0000e-02,ok
3e-06,128,128.0,3,0.0,0.9,0.999,0.8578,0.3406,4208,0.8555,0.3361,6312,distilbert_autogrid/results/lr_3p0000e-06_r128_a128_ep3_wd_0p0000e00,ok
3e-06,32,128.0,3,0.01,0.9,0.999,0.8578,0.3278,6312,0.8578,0.3278,6312,distilbert_autogrid/results/lr_3p0000e-06_r32_a128_ep3_wd_1p0000e-02,ok
3e-06,32,128.0,3,0.1,0.9,0.999,0.8567,0.339,6312,0.8567,0.339,6312,distilbert_autogrid/results/lr_3p0000e-06_r32_a128_ep3_wd_1p0000e-01,ok
3e-06,16,128.0,3,0.01,0.9,0.999,0.8555,0.3414,6312,0.8555,0.3414,6312,distilbert_autogrid/results/lr_3p0000e-06_r16_a128_ep3_wd_1p0000e-02,ok
3e-06,16,128.0,3,0.1,0.9,0.999,0.8544,0.3406,6312,0.8544,0.3406,6312,distilbert_autogrid/results/lr_3p0000e-06_r16_a128_ep3_wd_1p0000e-01,ok
3e-06,8,128.0,3,0.0,0.9,0.999,0.8544,0.3467,6312,0.8544,0.3467,6312,distilbert_autogrid/results/lr_3p0000e-06_r8_a128_ep3_wd_0p0000e00,ok
3e-06,64,128.0,3,0.1,0.9,0.999,0.8509,0.3477,6312,0.8509,0.3477,6312,distilbert_autogrid/results/lr_3p0000e-06_r64_a128_ep3_wd_1p0000e-01,ok
3e-06,64,128.0,3,0.01,0.9,0.999,0.8498,0.3338,6312,0.8498,0.3338,6312,distilbert_autogrid/results/lr_3p0000e-06_r64_a128_ep3_wd_1p0000e-02,ok
3e-06,64,64.0,3,0.0,0.9,0.999,0.8486,0.3579,6312,0.8486,0.3579,6312,distilbert_autogrid/results/lr_3p0000e-06_r64_a64_ep3_wd_0p0000e00,ok
3e-06,128,64.0,3,0.01,0.9,0.999,0.8463,0.364,6312,0.8463,0.364,6312,distilbert_autogrid/results/lr_3p0000e-06_r128_a64_ep3_wd_1p0000e-02,ok
3e-06,128,64.0,3,0.1,0.9,0.999,0.8452,0.36,6312,0.8452,0.36,6312,distilbert_autogrid/results/lr_3p0000e-06_r128_a64_ep3_wd_1p0000e-01,ok
3e-06,8,128.0,3,0.1,0.9,0.999,0.8452,0.3465,6312,0.8452,0.3465,6312,distilbert_autogrid/results/lr_3p0000e-06_r8_a128_ep3_wd_1p0000e-01,ok
3e-06,16,128.0,3,0.0,0.9,0.999,0.844,0.3489,6312,0.844,0.3489,6312,distilbert_autogrid/results/lr_3p0000e-06_r16_a128_ep3_wd_0p0000e00,ok
3e-06,128,64.0,3,0.0,0.9,0.999,0.8417,0.363,6312,0.8417,0.363,6312,distilbert_autogrid/results/lr_3p0000e-06_r128_a64_ep3_wd_0p0000e00,ok
3e-06,64,64.0,3,0.1,0.9,0.999,0.8406,0.3587,6312,0.8406,0.3587,6312,distilbert_autogrid/results/lr_3p0000e-06_r64_a64_ep3_wd_1p0000e-01,ok
3e-06,16,64.0,3,0.01,0.9,0.999,0.8383,0.3674,6312,0.8383,0.3674,6312,distilbert_autogrid/results/lr_3p0000e-06_r16_a64_ep3_wd_1p0000e-02,ok
3e-06,32,64.0,3,0.1,0.9,0.999,0.8383,0.3765,6312,0.8383,0.3765,6312,distilbert_autogrid/results/lr_3p0000e-06_r32_a64_ep3_wd_1p0000e-01,ok
3e-06,16,64.0,3,0.0,0.9,0.999,0.8372,0.37,6312,0.8372,0.37,6312,distilbert_autogrid/results/lr_3p0000e-06_r16_a64_ep3_wd_0p0000e00,ok
3e-06,32,64.0,3,0.0,0.9,0.999,0.8372,0.3659,6312,0.8372,0.3659,6312,distilbert_autogrid/results/lr_3p0000e-06_r32_a64_ep3_wd_0p0000e00,ok
3e-06,32,64.0,3,0.01,0.9,0.999,0.836,0.3762,6312,0.836,0.3762,6312,distilbert_autogrid/results/lr_3p0000e-06_r32_a64_ep3_wd_1p0000e-02,ok
3e-06,64,64.0,3,0.01,0.9,0.999,0.8337,0.3639,6312,0.8337,0.3639,6312,distilbert_autogrid/results/lr_3p0000e-06_r64_a64_ep3_wd_1p0000e-02,ok
3e-06,8,64.0,3,0.0,0.9,0.999,0.8314,0.3871,4208,0.8303,0.3774,6312,distilbert_autogrid/results/lr_3p0000e-06_r8_a64_ep3_wd_0p0000e00,ok
3e-06,8,64.0,3,0.01,0.9,0.999,0.8314,0.3911,6312,0.8314,0.3911,6312,distilbert_autogrid/results/lr_3p0000e-06_r8_a64_ep3_wd_1p0000e-02,ok
3e-06,128,32.0,3,0.1,0.9,0.999,0.8303,0.4265,4208,0.8291,0.4104,6312,distilbert_autogrid/results/lr_3p0000e-06_r128_a32_ep3_wd_1p0000e-01,ok
3e-06,16,32.0,3,0.0,0.9,0.999,0.8291,0.4056,6312,0.8291,0.4056,6312,distilbert_autogrid/results/lr_3p0000e-06_r16_a32_ep3_wd_0p0000e00,ok
3e-06,32,32.0,3,0.0,0.9,0.999,0.8291,0.4464,4208,0.8257,0.4209,6312,distilbert_autogrid/results/lr_3p0000e-06_r32_a32_ep3_wd_0p0000e00,ok
3e-06,32,32.0,3,0.1,0.9,0.999,0.828,0.4077,6312,0.828,0.4077,6312,distilbert_autogrid/results/lr_3p0000e-06_r32_a32_ep3_wd_1p0000e-01,ok
3e-06,128,16.0,3,0.0,0.9,0.999,0.8268,0.4311,6312,0.8268,0.4311,6312,distilbert_autogrid/results/lr_3p0000e-06_r128_a16_ep3_wd_0p0000e00,ok
3e-06,128,32.0,3,0.0,0.9,0.999,0.8268,0.4256,6312,0.8268,0.4256,6312,distilbert_autogrid/results/lr_3p0000e-06_r128_a32_ep3_wd_0p0000e00,ok
3e-06,8,32.0,3,0.0,0.9,0.999,0.8268,0.4008,6312,0.8268,0.4008,6312,distilbert_autogrid/results/lr_3p0000e-06_r8_a32_ep3_wd_0p0000e00,ok
3e-06,8,32.0,3,0.01,0.9,0.999,0.8268,0.4481,6312,0.8268,0.4481,6312,distilbert_autogrid/results/lr_3p0000e-06_r8_a32_ep3_wd_1p0000e-02,ok
3e-06,64,32.0,3,0.0,0.9,0.999,0.8257,0.3929,6312,0.8257,0.3929,6312,distilbert_autogrid/results/lr_3p0000e-06_r64_a32_ep3_wd_0p0000e00,ok
3e-06,8,64.0,3,0.1,0.9,0.999,0.8257,0.3881,6312,0.8257,0.3881,6312,distilbert_autogrid/results/lr_3p0000e-06_r8_a64_ep3_wd_1p0000e-01,ok
3e-06,16,32.0,3,0.01,0.9,0.999,0.8245,0.4259,6312,0.8245,0.4259,6312,distilbert_autogrid/results/lr_3p0000e-06_r16_a32_ep3_wd_1p0000e-02,ok
3e-06,32,16.0,3,0.1,0.9,0.999,0.8245,0.4586,6312,0.8245,0.4586,6312,distilbert_autogrid/results/lr_3p0000e-06_r32_a16_ep3_wd_1p0000e-01,ok
3e-06,16,16.0,3,0.01,0.9,0.999,0.8234,0.4398,6312,0.8234,0.4398,6312,distilbert_autogrid/results/lr_3p0000e-06_r16_a16_ep3_wd_1p0000e-02,ok
3e-06,8,32.0,3,0.1,0.9,0.999,0.8222,0.4013,6312,0.8222,0.4013,6312,distilbert_autogrid/results/lr_3p0000e-06_r8_a32_ep3_wd_1p0000e-01,ok
3e-06,16,32.0,3,0.1,0.9,0.999,0.8211,0.4461,4208,0.8188,0.4239,6312,distilbert_autogrid/results/lr_3p0000e-06_r16_a32_ep3_wd_1p0000e-01,ok
3e-06,128,32.0,3,0.01,0.9,0.999,0.82,0.4379,6312,0.82,0.4379,6312,distilbert_autogrid/results/lr_3p0000e-06_r128_a32_ep3_wd_1p0000e-02,ok
3e-06,64,32.0,3,0.1,0.9,0.999,0.82,0.4059,6312,0.82,0.4059,6312,distilbert_autogrid/results/lr_3p0000e-06_r64_a32_ep3_wd_1p0000e-01,ok
3e-06,128,16.0,3,0.01,0.9,0.999,0.8188,0.496,6312,0.8188,0.496,6312,distilbert_autogrid/results/lr_3p0000e-06_r128_a16_ep3_wd_1p0000e-02,ok
3e-06,32,16.0,3,0.0,0.9,0.999,0.8188,0.5116,6312,0.8188,0.5116,6312,distilbert_autogrid/results/lr_3p0000e-06_r32_a16_ep3_wd_0p0000e00,ok
3e-06,8,16.0,3,0.1,0.9,0.999,0.8188,0.5294,4208,0.8188,0.4838,6312,distilbert_autogrid/results/lr_3p0000e-06_r8_a16_ep3_wd_1p0000e-01,ok
3e-06,16,16.0,3,0.1,0.9,0.999,0.8073,0.5272,6312,0.8073,0.5272,6312,distilbert_autogrid/results/lr_3p0000e-06_r16_a16_ep3_wd_1p0000e-01,ok
3e-06,32,8.0,3,0.01,0.9,0.999,0.8016,0.5892,6312,0.8016,0.5892,6312,distilbert_autogrid/results/lr_3p0000e-06_r32_a8_ep3_wd_1p0000e-02,ok
3e-06,16,16.0,3,0.0,0.9,0.999,0.7947,0.547,6312,0.7947,0.547,6312,distilbert_autogrid/results/lr_3p0000e-06_r16_a16_ep3_wd_0p0000e00,ok
3e-06,8,16.0,3,0.01,0.9,0.999,0.7878,0.5349,6312,0.7878,0.5349,6312,distilbert_autogrid/results/lr_3p0000e-06_r8_a16_ep3_wd_1p0000e-02,ok
0.003,8,8.0,3,0.1,0.9,0.999,0.7867,0.4459,6312,0.7867,0.4459,6312,distilbert_autogrid/results/lr_3p0000e-03_r8_a8_ep3_wd_1p0000e-01,ok
3e-06,64,16.0,3,0.0,0.9,0.999,0.7856,0.5439,6312,0.7856,0.5439,6312,distilbert_autogrid/results/lr_3p0000e-06_r64_a16_ep3_wd_0p0000e00,ok
3e-06,32,16.0,3,0.01,0.9,0.999,0.7775,0.5378,6312,0.7775,0.5378,6312,distilbert_autogrid/results/lr_3p0000e-06_r32_a16_ep3_wd_1p0000e-02,ok
3e-06,8,16.0,3,0.0,0.9,0.999,0.7603,0.5737,6312,0.7603,0.5737,6312,distilbert_autogrid/results/lr_3p0000e-06_r8_a16_ep3_wd_0p0000e00,ok
0.003,8,8.0,3,0.0,0.9,0.999,0.7282,0.6254,2104,0.7041,0.62,6312,distilbert_autogrid/results/lr_3p0000e-03_r8_a8_ep3_wd_0p0000e00,ok
0.003,16,8.0,3,0.01,0.9,0.999,0.7248,0.5968,2104,0.6984,0.6402,6312,distilbert_autogrid/results/lr_3p0000e-03_r16_a8_ep3_wd_1p0000e-02,ok
3e-07,8,128.0,3,0.01,0.9,0.999,0.7236,0.6743,4208,0.6972,0.6715,6312,distilbert_autogrid/results/lr_3p0000e-07_r8_a128_ep3_wd_1p0000e-02,ok
0.003,16,8.0,3,0.1,0.9,0.999,0.7213,0.59,2104,0.7018,0.5497,6312,distilbert_autogrid/results/lr_3p0000e-03_r16_a8_ep3_wd_1p0000e-01,ok
0.003,8,8.0,3,0.01,0.9,0.999,0.7076,0.59,2104,0.6892,0.5965,6312,distilbert_autogrid/results/lr_3p0000e-03_r8_a8_ep3_wd_1p0000e-02,ok
3e-06,64,16.0,3,0.01,0.9,0.999,0.6743,0.5679,6312,0.6743,0.5679,6312,distilbert_autogrid/results/lr_3p0000e-06_r64_a16_ep3_wd_1p0000e-02,ok
0.003,32,8.0,3,0.1,0.9,0.999,0.6686,0.6187,2104,0.5092,0.7001,6312,distilbert_autogrid/results/lr_3p0000e-03_r32_a8_ep3_wd_1p0000e-01,ok
0.003,32,8.0,3,0.0,0.9,0.999,0.6674,0.6364,2104,0.5378,0.6999,6312,distilbert_autogrid/results/lr_3p0000e-03_r32_a8_ep3_wd_0p0000e00,ok
3e-06,128,16.0,3,0.1,0.9,0.999,0.6674,0.5922,6312,0.6674,0.5922,6312,distilbert_autogrid/results/lr_3p0000e-06_r128_a16_ep3_wd_1p0000e-01,ok
3e-06,16,8.0,3,0.0,0.9,0.999,0.6353,0.6136,6312,0.6353,0.6136,6312,distilbert_autogrid/results/lr_3p0000e-06_r16_a8_ep3_wd_0p0000e00,ok
0.003,64,8.0,3,0.1,0.9,0.999,0.6319,0.6694,6312,0.6319,0.6694,6312,distilbert_autogrid/results/lr_3p0000e-03_r64_a8_ep3_wd_1p0000e-01,ok
3e-06,16,8.0,3,0.01,0.9,0.999,0.6284,0.6178,6312,0.6284,0.6178,6312,distilbert_autogrid/results/lr_3p0000e-06_r16_a8_ep3_wd_1p0000e-02,ok
3e-07,16,32.0,3,0.01,0.9,0.999,0.6158,0.6866,2104,0.5986,0.6856,6312,distilbert_autogrid/results/lr_3p0000e-07_r16_a32_ep3_wd_1p0000e-02,ok
3e-06,64,8.0,3,0.1,0.9,0.999,0.6135,0.6876,2104,0.5206,0.6708,6312,distilbert_autogrid/results/lr_3p0000e-06_r64_a8_ep3_wd_1p0000e-01,ok
3e-06,64,8.0,3,0.0,0.9,0.999,0.6021,0.6884,2104,0.5183,0.6736,6312,distilbert_autogrid/results/lr_3p0000e-06_r64_a8_ep3_wd_0p0000e00,ok
3e-06,128,8.0,3,0.1,0.9,0.999,0.5975,0.6879,2104,0.5161,0.6691,6312,distilbert_autogrid/results/lr_3p0000e-06_r128_a8_ep3_wd_1p0000e-01,ok
3e-06,128,8.0,3,0.01,0.9,0.999,0.5952,0.6866,2104,0.5172,0.6585,6312,distilbert_autogrid/results/lr_3p0000e-06_r128_a8_ep3_wd_1p0000e-02,ok
3e-06,128,8.0,3,0.0,0.9,0.999,0.5894,0.6839,2104,0.5573,0.649,6312,distilbert_autogrid/results/lr_3p0000e-06_r128_a8_ep3_wd_0p0000e00,ok
3e-07,128,128.0,3,0.01,0.9,0.999,0.5883,0.6856,6312,0.5883,0.6856,6312,distilbert_autogrid/results/lr_3p0000e-07_r128_a128_ep3_wd_1p0000e-02,ok
3e-07,64,128.0,3,0.0,0.9,0.999,0.5883,0.6897,2104,0.5654,0.6843,6312,distilbert_autogrid/results/lr_3p0000e-07_r64_a128_ep3_wd_0p0000e00,ok
0.003,8,16.0,3,0.0,0.9,0.999,0.5826,0.6811,6312,0.5826,0.6811,6312,distilbert_autogrid/results/lr_3p0000e-03_r8_a16_ep3_wd_0p0000e00,ok
0.003,64,8.0,3,0.0,0.9,0.999,0.5814,0.7059,2104,0.5344,0.6782,6312,distilbert_autogrid/results/lr_3p0000e-03_r64_a8_ep3_wd_0p0000e00,ok
3e-07,16,64.0,3,0.1,0.9,0.999,0.5711,0.6901,6312,0.5711,0.6901,6312,distilbert_autogrid/results/lr_3p0000e-07_r16_a64_ep3_wd_1p0000e-01,ok
3e-07,128,128.0,3,0.1,0.9,0.999,0.5688,0.6885,4208,0.5562,0.6876,6312,distilbert_autogrid/results/lr_3p0000e-07_r128_a128_ep3_wd_1p0000e-01,ok
3e-07,16,128.0,3,0.0,0.9,0.999,0.5688,0.6839,6312,0.5688,0.6839,6312,distilbert_autogrid/results/lr_3p0000e-07_r16_a128_ep3_wd_0p0000e00,ok
3e-06,16,8.0,3,0.1,0.9,0.999,0.5631,0.6284,6312,0.5631,0.6284,6312,distilbert_autogrid/results/lr_3p0000e-06_r16_a8_ep3_wd_1p0000e-01,ok
3e-06,8,8.0,3,0.01,0.9,0.999,0.5619,0.6799,2104,0.5229,0.6426,6312,distilbert_autogrid/results/lr_3p0000e-06_r8_a8_ep3_wd_1p0000e-02,ok
3e-06,32,8.0,3,0.0,0.9,0.999,0.5596,0.6913,2104,0.5172,0.6844,6312,distilbert_autogrid/results/lr_3p0000e-06_r32_a8_ep3_wd_0p0000e00,ok
3e-07,8,32.0,3,0.1,0.9,0.999,0.5596,0.6908,6312,0.5596,0.6908,6312,distilbert_autogrid/results/lr_3p0000e-07_r8_a32_ep3_wd_1p0000e-01,ok
3e-07,32,32.0,3,0.0,0.9,0.999,0.5573,0.6913,6312,0.5573,0.6913,6312,distilbert_autogrid/results/lr_3p0000e-07_r32_a32_ep3_wd_0p0000e00,ok
3e-07,32,16.0,3,0.1,0.9,0.999,0.5562,0.691,4208,0.5539,0.6908,6312,distilbert_autogrid/results/lr_3p0000e-07_r32_a16_ep3_wd_1p0000e-01,ok
3e-07,128,64.0,3,0.0,0.9,0.999,0.555,0.6902,4208,0.5505,0.6898,6312,distilbert_autogrid/results/lr_3p0000e-07_r128_a64_ep3_wd_0p0000e00,ok
3e-07,32,128.0,3,0.1,0.9,0.999,0.555,0.6887,4208,0.5528,0.6869,6312,distilbert_autogrid/results/lr_3p0000e-07_r32_a128_ep3_wd_1p0000e-01,ok
0.003,32,16.0,3,0.0,0.9,0.999,0.5539,0.6873,2104,0.5092,0.699,6312,distilbert_autogrid/results/lr_3p0000e-03_r32_a16_ep3_wd_0p0000e00,ok
3e-06,8,8.0,3,0.0,0.9,0.999,0.5539,0.6237,6312,0.5539,0.6237,6312,distilbert_autogrid/results/lr_3p0000e-06_r8_a8_ep3_wd_0p0000e00,ok
3e-07,16,64.0,3,0.01,0.9,0.999,0.5539,0.6899,6312,0.5539,0.6899,6312,distilbert_autogrid/results/lr_3p0000e-07_r16_a64_ep3_wd_1p0000e-02,ok
3e-07,64,16.0,3,0.1,0.9,0.999,0.5516,0.6905,6312,0.5516,0.6905,6312,distilbert_autogrid/results/lr_3p0000e-07_r64_a16_ep3_wd_1p0000e-01,ok
3e-07,128,16.0,3,0.0,0.9,0.999,0.5482,0.6907,2104,0.5401,0.6903,6312,distilbert_autogrid/results/lr_3p0000e-07_r128_a16_ep3_wd_0p0000e00,ok
3e-07,128,32.0,3,0.01,0.9,0.999,0.5459,0.6906,6312,0.5459,0.6906,6312,distilbert_autogrid/results/lr_3p0000e-07_r128_a32_ep3_wd_1p0000e-02,ok
3e-07,32,32.0,3,0.01,0.9,0.999,0.5447,0.685,6312,0.5447,0.685,6312,distilbert_autogrid/results/lr_3p0000e-07_r32_a32_ep3_wd_1p0000e-02,ok
0.003,64,8.0,3,0.01,0.9,0.999,0.5413,0.6766,2104,0.5092,0.6982,6312,distilbert_autogrid/results/lr_3p0000e-03_r64_a8_ep3_wd_1p0000e-02,ok
0.003,128,16.0,3,0.0,0.9,0.999,0.539,0.6945,2104,0.5092,0.6948,6312,distilbert_autogrid/results/lr_3p0000e-03_r128_a16_ep3_wd_0p0000e00,ok
3e-07,32,64.0,3,0.01,0.9,0.999,0.5378,0.6909,4208,0.5356,0.6904,6312,distilbert_autogrid/results/lr_3p0000e-07_r32_a64_ep3_wd_1p0000e-02,ok
3e-07,32,64.0,3,0.1,0.9,0.999,0.5356,0.6913,6312,0.5356,0.6913,6312,distilbert_autogrid/results/lr_3p0000e-07_r32_a64_ep3_wd_1p0000e-01,ok
3e-07,64,64.0,3,0.01,0.9,0.999,0.5333,0.6916,6312,0.5333,0.6916,6312,distilbert_autogrid/results/lr_3p0000e-07_r64_a64_ep3_wd_1p0000e-02,ok
3e-07,128,64.0,3,0.01,0.9,0.999,0.5298,0.6922,4208,0.5275,0.6918,6312,distilbert_autogrid/results/lr_3p0000e-07_r128_a64_ep3_wd_1p0000e-02,ok
3e-07,64,128.0,3,0.1,0.9,0.999,0.5298,0.6893,2104,0.5126,0.6853,6312,distilbert_autogrid/results/lr_3p0000e-07_r64_a128_ep3_wd_1p0000e-01,ok
3e-06,8,8.0,3,0.1,0.9,0.999,0.5275,0.6276,6312,0.5275,0.6276,6312,distilbert_autogrid/results/lr_3p0000e-06_r8_a8_ep3_wd_1p0000e-01,ok
3e-07,16,8.0,3,0.0,0.9,0.999,0.5195,0.6921,2104,0.5172,0.6919,6312,distilbert_autogrid/results/lr_3p0000e-07_r16_a8_ep3_wd_0p0000e00,ok
3e-07,16,64.0,3,0.0,0.9,0.999,0.5183,0.6923,6312,0.5183,0.6923,6312,distilbert_autogrid/results/lr_3p0000e-07_r16_a64_ep3_wd_0p0000e00,ok
3e-07,64,64.0,3,0.1,0.9,0.999,0.5183,0.6898,2104,0.5172,0.6884,6312,distilbert_autogrid/results/lr_3p0000e-07_r64_a64_ep3_wd_1p0000e-01,ok
3e-07,32,16.0,3,0.0,0.9,0.999,0.5172,0.6933,4208,0.5172,0.6932,6312,distilbert_autogrid/results/lr_3p0000e-07_r32_a16_ep3_wd_0p0000e00,ok
3e-07,8,8.0,3,0.1,0.9,0.999,0.5172,0.6921,6312,0.5172,0.6921,6312,distilbert_autogrid/results/lr_3p0000e-07_r8_a8_ep3_wd_1p0000e-01,ok
3e-07,64,64.0,3,0.0,0.9,0.999,0.5161,0.6914,6312,0.5161,0.6914,6312,distilbert_autogrid/results/lr_3p0000e-07_r64_a64_ep3_wd_0p0000e00,ok
0.003,128,16.0,3,0.01,0.9,0.999,0.5149,0.6944,2104,0.5092,0.699,6312,distilbert_autogrid/results/lr_3p0000e-03_r128_a16_ep3_wd_1p0000e-02,ok
3e-07,128,32.0,3,0.1,0.9,0.999,0.5149,0.6936,6312,0.5149,0.6936,6312,distilbert_autogrid/results/lr_3p0000e-07_r128_a32_ep3_wd_1p0000e-01,ok
0.003,64,32.0,3,0.0,0.9,0.999,0.5138,0.7009,4208,0.5115,0.6992,6312,distilbert_autogrid/results/lr_3p0000e-03_r64_a32_ep3_wd_0p0000e00,ok
3e-07,128,128.0,3,0.0,0.9,0.999,0.5138,0.6899,4208,0.5126,0.6888,6312,distilbert_autogrid/results/lr_3p0000e-07_r128_a128_ep3_wd_0p0000e00,ok
3e-07,64,32.0,3,0.01,0.9,0.999,0.5138,0.6907,6312,0.5138,0.6907,6312,distilbert_autogrid/results/lr_3p0000e-07_r64_a32_ep3_wd_1p0000e-02,ok
0.003,128,8.0,3,0.1,0.9,0.999,0.5126,0.6936,6312,0.5126,0.6936,6312,distilbert_autogrid/results/lr_3p0000e-03_r128_a8_ep3_wd_1p0000e-01,ok
3e-07,64,16.0,3,0.0,0.9,0.999,0.5115,0.6904,2104,0.5092,0.6899,6312,distilbert_autogrid/results/lr_3p0000e-07_r64_a16_ep3_wd_0p0000e00,ok
0.003,16,128.0,3,0.1,0.9,0.999,0.5103,0.7024,2104,0.5092,0.6984,6312,distilbert_autogrid/results/lr_3p0000e-03_r16_a128_ep3_wd_1p0000e-01,ok
0.003,64,16.0,3,0.1,0.9,0.999,0.5103,0.6935,2104,0.5092,0.6986,6312,distilbert_autogrid/results/lr_3p0000e-03_r64_a16_ep3_wd_1p0000e-01,ok
3e-07,128,64.0,3,0.1,0.9,0.999,0.5103,0.6931,4208,0.5103,0.6928,6312,distilbert_autogrid/results/lr_3p0000e-07_r128_a64_ep3_wd_1p0000e-01,ok
3e-07,16,128.0,3,0.1,0.9,0.999,0.5103,0.6918,4208,0.5092,0.6912,6312,distilbert_autogrid/results/lr_3p0000e-07_r16_a128_ep3_wd_1p0000e-01,ok
3e-07,32,32.0,3,0.1,0.9,0.999,0.5103,0.6909,4208,0.5103,0.6907,6312,distilbert_autogrid/results/lr_3p0000e-07_r32_a32_ep3_wd_1p0000e-01,ok
0.003,128,128.0,3,0.0,0.9,0.999,0.5092,0.6957,2104,0.5092,0.6978,6312,distilbert_autogrid/results/lr_3p0000e-03_r128_a128_ep3_wd_0p0000e00,ok
0.003,128,128.0,3,0.1,0.9,0.999,0.5092,0.6974,2104,0.5092,0.6995,6312,distilbert_autogrid/results/lr_3p0000e-03_r128_a128_ep3_wd_1p0000e-01,ok
0.003,128,128.0,3,0.01,0.9,0.999,0.5092,0.6981,2104,0.5092,0.6982,6312,distilbert_autogrid/results/lr_3p0000e-03_r128_a128_ep3_wd_1p0000e-02,ok
0.003,128,16.0,3,0.1,0.9,0.999,0.5092,0.6961,2104,0.5092,0.6971,6312,distilbert_autogrid/results/lr_3p0000e-03_r128_a16_ep3_wd_1p0000e-01,ok
0.003,128,32.0,3,0.0,0.9,0.999,0.5092,0.7032,2104,0.5092,0.6979,6312,distilbert_autogrid/results/lr_3p0000e-03_r128_a32_ep3_wd_0p0000e00,ok
0.003,128,32.0,3,0.1,0.9,0.999,0.5092,0.6974,2104,0.5092,0.7003,6312,distilbert_autogrid/results/lr_3p0000e-03_r128_a32_ep3_wd_1p0000e-01,ok
0.003,128,32.0,3,0.01,0.9,0.999,0.5092,0.6954,2104,0.5092,0.6988,6312,distilbert_autogrid/results/lr_3p0000e-03_r128_a32_ep3_wd_1p0000e-02,ok
0.003,128,64.0,3,0.0,0.9,0.999,0.5092,0.6963,2104,0.5092,0.6988,6312,distilbert_autogrid/results/lr_3p0000e-03_r128_a64_ep3_wd_0p0000e00,ok
0.003,128,64.0,3,0.1,0.9,0.999,0.5092,0.7087,2104,0.5092,0.6984,6312,distilbert_autogrid/results/lr_3p0000e-03_r128_a64_ep3_wd_1p0000e-01,ok
0.003,128,64.0,3,0.01,0.9,0.999,0.5092,0.6941,2104,0.5092,0.6984,6312,distilbert_autogrid/results/lr_3p0000e-03_r128_a64_ep3_wd_1p0000e-02,ok
0.003,128,8.0,3,0.0,0.9,0.999,0.5092,0.696,2104,0.5092,0.6974,6312,distilbert_autogrid/results/lr_3p0000e-03_r128_a8_ep3_wd_0p0000e00,ok
0.003,128,8.0,3,0.01,0.9,0.999,0.5092,0.6965,2104,0.5092,0.6991,6312,distilbert_autogrid/results/lr_3p0000e-03_r128_a8_ep3_wd_1p0000e-02,ok
0.003,16,128.0,3,0.0,0.9,0.999,0.5092,0.6957,2104,0.5092,0.6992,6312,distilbert_autogrid/results/lr_3p0000e-03_r16_a128_ep3_wd_0p0000e00,ok
0.003,16,128.0,3,0.01,0.9,0.999,0.5092,0.6972,2104,0.5092,0.6984,6312,distilbert_autogrid/results/lr_3p0000e-03_r16_a128_ep3_wd_1p0000e-02,ok
0.003,16,16.0,3,0.0,0.9,0.999,0.5092,0.7085,2104,0.5092,0.6983,6312,distilbert_autogrid/results/lr_3p0000e-03_r16_a16_ep3_wd_0p0000e00,ok
0.003,16,16.0,3,0.1,0.9,0.999,0.5092,0.6937,2104,0.5092,0.6982,6312,distilbert_autogrid/results/lr_3p0000e-03_r16_a16_ep3_wd_1p0000e-01,ok
0.003,16,16.0,3,0.01,0.9,0.999,0.5092,0.6886,2104,0.5092,0.6992,6312,distilbert_autogrid/results/lr_3p0000e-03_r16_a16_ep3_wd_1p0000e-02,ok
0.003,16,32.0,3,0.0,0.9,0.999,0.5092,0.6932,2104,0.5092,0.6963,6312,distilbert_autogrid/results/lr_3p0000e-03_r16_a32_ep3_wd_0p0000e00,ok
0.003,16,32.0,3,0.1,0.9,0.999,0.5092,0.7009,2104,0.5092,0.7002,6312,distilbert_autogrid/results/lr_3p0000e-03_r16_a32_ep3_wd_1p0000e-01,ok
0.003,16,32.0,3,0.01,0.9,0.999,0.5092,0.6968,2104,0.5092,0.6972,6312,distilbert_autogrid/results/lr_3p0000e-03_r16_a32_ep3_wd_1p0000e-02,ok
0.003,16,64.0,3,0.0,0.9,0.999,0.5092,0.7009,2104,0.5092,0.699,6312,distilbert_autogrid/results/lr_3p0000e-03_r16_a64_ep3_wd_0p0000e00,ok
0.003,16,64.0,3,0.1,0.9,0.999,0.5092,0.6967,2104,0.5092,0.6972,6312,distilbert_autogrid/results/lr_3p0000e-03_r16_a64_ep3_wd_1p0000e-01,ok
0.003,16,64.0,3,0.01,0.9,0.999,0.5092,0.6952,2104,0.5092,0.7077,6312,distilbert_autogrid/results/lr_3p0000e-03_r16_a64_ep3_wd_1p0000e-02,ok
0.003,16,8.0,3,0.0,0.9,0.999,0.5092,0.6965,4208,0.5092,0.6965,6312,distilbert_autogrid/results/lr_3p0000e-03_r16_a8_ep3_wd_0p0000e00,ok
0.003,32,128.0,3,0.0,0.9,0.999,0.5092,0.6969,2104,0.5092,0.6983,6312,distilbert_autogrid/results/lr_3p0000e-03_r32_a128_ep3_wd_0p0000e00,ok
0.003,32,128.0,3,0.1,0.9,0.999,0.5092,0.6973,2104,0.5092,0.6973,6312,distilbert_autogrid/results/lr_3p0000e-03_r32_a128_ep3_wd_1p0000e-01,ok
0.003,32,128.0,3,0.01,0.9,0.999,0.5092,0.7023,4208,0.5092,0.6971,6312,distilbert_autogrid/results/lr_3p0000e-03_r32_a128_ep3_wd_1p0000e-02,ok
0.003,32,16.0,3,0.1,0.9,0.999,0.5092,0.6962,2104,0.5092,0.6956,6312,distilbert_autogrid/results/lr_3p0000e-03_r32_a16_ep3_wd_1p0000e-01,ok
0.003,32,16.0,3,0.01,0.9,0.999,0.5092,0.6959,2104,0.5092,0.6974,6312,distilbert_autogrid/results/lr_3p0000e-03_r32_a16_ep3_wd_1p0000e-02,ok
0.003,32,32.0,3,0.0,0.9,0.999,0.5092,0.7009,2104,0.5092,0.6981,6312,distilbert_autogrid/results/lr_3p0000e-03_r32_a32_ep3_wd_0p0000e00,ok
0.003,32,32.0,3,0.1,0.9,0.999,0.5092,0.7029,2104,0.5092,0.6995,6312,distilbert_autogrid/results/lr_3p0000e-03_r32_a32_ep3_wd_1p0000e-01,ok
0.003,32,32.0,3,0.01,0.9,0.999,0.5092,0.6942,2104,0.5092,0.6987,6312,distilbert_autogrid/results/lr_3p0000e-03_r32_a32_ep3_wd_1p0000e-02,ok
0.003,32,64.0,3,0.0,0.9,0.999,0.5092,0.7011,2104,0.5092,0.6974,6312,distilbert_autogrid/results/lr_3p0000e-03_r32_a64_ep3_wd_0p0000e00,ok
0.003,32,64.0,3,0.1,0.9,0.999,0.5092,0.6979,2104,0.5092,0.698,6312,distilbert_autogrid/results/lr_3p0000e-03_r32_a64_ep3_wd_1p0000e-01,ok
0.003,32,64.0,3,0.01,0.9,0.999,0.5092,0.6972,2104,0.5092,0.699,6312,distilbert_autogrid/results/lr_3p0000e-03_r32_a64_ep3_wd_1p0000e-02,ok
0.003,32,8.0,3,0.01,0.9,0.999,0.5092,0.698,2104,0.5092,0.6985,6312,distilbert_autogrid/results/lr_3p0000e-03_r32_a8_ep3_wd_1p0000e-02,ok
0.003,64,128.0,3,0.0,0.9,0.999,0.5092,0.695,2104,0.5092,0.6993,6312,distilbert_autogrid/results/lr_3p0000e-03_r64_a128_ep3_wd_0p0000e00,ok
0.003,64,128.0,3,0.1,0.9,0.999,0.5092,0.6967,2104,0.5092,0.697,6312,distilbert_autogrid/results/lr_3p0000e-03_r64_a128_ep3_wd_1p0000e-01,ok
0.003,64,128.0,3,0.01,0.9,0.999,0.5092,0.7107,2104,0.5092,0.6973,6312,distilbert_autogrid/results/lr_3p0000e-03_r64_a128_ep3_wd_1p0000e-02,ok
0.003,64,16.0,3,0.0,0.9,0.999,0.5092,0.6988,2104,0.5092,0.703,6312,distilbert_autogrid/results/lr_3p0000e-03_r64_a16_ep3_wd_0p0000e00,ok
0.003,64,16.0,3,0.01,0.9,0.999,0.5092,0.6997,2104,0.5092,0.6985,6312,distilbert_autogrid/results/lr_3p0000e-03_r64_a16_ep3_wd_1p0000e-02,ok
0.003,64,32.0,3,0.1,0.9,0.999,0.5092,0.6989,2104,0.5092,0.7001,6312,distilbert_autogrid/results/lr_3p0000e-03_r64_a32_ep3_wd_1p0000e-01,ok
0.003,64,32.0,3,0.01,0.9,0.999,0.5092,0.6962,2104,0.5092,0.7,6312,distilbert_autogrid/results/lr_3p0000e-03_r64_a32_ep3_wd_1p0000e-02,ok
0.003,64,64.0,3,0.0,0.9,0.999,0.5092,0.7014,2104,0.5092,0.7127,6312,distilbert_autogrid/results/lr_3p0000e-03_r64_a64_ep3_wd_0p0000e00,ok
0.003,64,64.0,3,0.1,0.9,0.999,0.5092,0.7091,2104,0.5092,0.699,6312,distilbert_autogrid/results/lr_3p0000e-03_r64_a64_ep3_wd_1p0000e-01,ok
0.003,64,64.0,3,0.01,0.9,0.999,0.5092,0.6959,2104,0.5092,0.6992,6312,distilbert_autogrid/results/lr_3p0000e-03_r64_a64_ep3_wd_1p0000e-02,ok
0.003,8,128.0,3,0.0,0.9,0.999,0.5092,0.6971,2104,0.5092,0.699,6312,distilbert_autogrid/results/lr_3p0000e-03_r8_a128_ep3_wd_0p0000e00,ok
0.003,8,128.0,3,0.1,0.9,0.999,0.5092,0.7,2104,0.5092,0.6994,6312,distilbert_autogrid/results/lr_3p0000e-03_r8_a128_ep3_wd_1p0000e-01,ok
0.003,8,128.0,3,0.01,0.9,0.999,0.5092,0.6961,2104,0.5092,0.6983,6312,distilbert_autogrid/results/lr_3p0000e-03_r8_a128_ep3_wd_1p0000e-02,ok
0.003,8,16.0,3,0.1,0.9,0.999,0.5092,0.6991,2104,0.5092,0.6984,6312,distilbert_autogrid/results/lr_3p0000e-03_r8_a16_ep3_wd_1p0000e-01,ok
0.003,8,16.0,3,0.01,0.9,0.999,0.5092,0.6989,2104,0.5092,0.6918,6312,distilbert_autogrid/results/lr_3p0000e-03_r8_a16_ep3_wd_1p0000e-02,ok
0.003,8,32.0,3,0.0,0.9,0.999,0.5092,0.7013,2104,0.5092,0.6996,6312,distilbert_autogrid/results/lr_3p0000e-03_r8_a32_ep3_wd_0p0000e00,ok
0.003,8,32.0,3,0.1,0.9,0.999,0.5092,0.6933,2104,0.5092,0.6971,6312,distilbert_autogrid/results/lr_3p0000e-03_r8_a32_ep3_wd_1p0000e-01,ok
0.003,8,32.0,3,0.01,0.9,0.999,0.5092,0.6987,2104,0.5092,0.6981,6312,distilbert_autogrid/results/lr_3p0000e-03_r8_a32_ep3_wd_1p0000e-02,ok
0.003,8,64.0,3,0.0,0.9,0.999,0.5092,0.6941,2104,0.5092,0.6983,6312,distilbert_autogrid/results/lr_3p0000e-03_r8_a64_ep3_wd_0p0000e00,ok
0.003,8,64.0,3,0.1,0.9,0.999,0.5092,0.7021,2104,0.5092,0.699,6312,distilbert_autogrid/results/lr_3p0000e-03_r8_a64_ep3_wd_1p0000e-01,ok
0.003,8,64.0,3,0.01,0.9,0.999,0.5092,0.6946,2104,0.5092,0.6995,6312,distilbert_autogrid/results/lr_3p0000e-03_r8_a64_ep3_wd_1p0000e-02,ok
3e-07,128,16.0,3,0.01,0.9,0.999,0.5092,0.7001,2104,0.5092,0.6997,6312,distilbert_autogrid/results/lr_3p0000e-07_r128_a16_ep3_wd_1p0000e-02,ok
3e-07,32,128.0,3,0.0,0.9,0.999,0.5092,0.6932,2104,0.5092,0.6892,6312,distilbert_autogrid/results/lr_3p0000e-07_r32_a128_ep3_wd_0p0000e00,ok
3e-07,32,128.0,3,0.01,0.9,0.999,0.5092,0.6954,2104,0.5092,0.6928,6312,distilbert_autogrid/results/lr_3p0000e-07_r32_a128_ep3_wd_1p0000e-02,ok
3e-07,32,8.0,3,0.1,0.9,0.999,0.5092,0.6954,2104,0.5092,0.6952,6312,distilbert_autogrid/results/lr_3p0000e-07_r32_a8_ep3_wd_1p0000e-01,ok
3e-07,64,128.0,3,0.01,0.9,0.999,0.5092,0.6943,2104,0.5092,0.6911,6312,distilbert_autogrid/results/lr_3p0000e-07_r64_a128_ep3_wd_1p0000e-02,ok
3e-07,64,16.0,3,0.01,0.9,0.999,0.5092,0.6975,2104,0.5092,0.6971,6312,distilbert_autogrid/results/lr_3p0000e-07_r64_a16_ep3_wd_1p0000e-02,ok
3e-07,64,32.0,3,0.0,0.9,0.999,0.5092,0.6942,2104,0.5092,0.6935,6312,distilbert_autogrid/results/lr_3p0000e-07_r64_a32_ep3_wd_0p0000e00,ok
3e-07,64,8.0,3,0.1,0.9,0.999,0.5092,0.693,2104,0.5092,0.6928,6312,distilbert_autogrid/results/lr_3p0000e-07_r64_a8_ep3_wd_1p0000e-01,ok
3e-07,64,8.0,3,0.01,0.9,0.999,0.5092,0.6961,2104,0.5092,0.6959,6312,distilbert_autogrid/results/lr_3p0000e-07_r64_a8_ep3_wd_1p0000e-02,ok
3e-07,8,128.0,3,0.1,0.9,0.999,0.5092,0.6927,2104,0.5092,0.6899,6312,distilbert_autogrid/results/lr_3p0000e-07_r8_a128_ep3_wd_1p0000e-01,ok
3e-07,8,64.0,3,0.0,0.9,0.999,0.5092,0.6918,2104,0.5092,0.6896,6312,distilbert_autogrid/results/lr_3p0000e-07_r8_a64_ep3_wd_0p0000e00,ok
3e-07,8,32.0,3,0.01,0.9,0.999,0.508,0.693,2104,0.508,0.6924,6312,distilbert_autogrid/results/lr_3p0000e-07_r8_a32_ep3_wd_1p0000e-02,ok
3e-07,128,8.0,3,0.0,0.9,0.999,0.5069,0.6923,4208,0.5034,0.6923,6312,distilbert_autogrid/results/lr_3p0000e-07_r128_a8_ep3_wd_0p0000e00,ok
3e-07,64,32.0,3,0.1,0.9,0.999,0.5069,0.6934,6312,0.5069,0.6934,6312,distilbert_autogrid/results/lr_3p0000e-07_r64_a32_ep3_wd_1p0000e-01,ok
3e-07,32,64.0,3,0.0,0.9,0.999,0.5046,0.691,6312,0.5046,0.691,6312,distilbert_autogrid/results/lr_3p0000e-07_r32_a64_ep3_wd_0p0000e00,ok
3e-07,8,64.0,3,0.01,0.9,0.999,0.5034,0.6937,6312,0.5034,0.6937,6312,distilbert_autogrid/results/lr_3p0000e-07_r8_a64_ep3_wd_1p0000e-02,ok
3e-07,128,32.0,3,0.0,0.9,0.999,0.4908,0.7109,2104,0.4908,0.7068,6312,distilbert_autogrid/results/lr_3p0000e-07_r128_a32_ep3_wd_0p0000e00,ok
3e-07,128,8.0,3,0.01,0.9,0.999,0.4908,0.6928,2104,0.4908,0.6926,6312,distilbert_autogrid/results/lr_3p0000e-07_r128_a8_ep3_wd_1p0000e-02,ok
3e-07,16,128.0,3,0.01,0.9,0.999,0.4908,0.6977,2104,0.4908,0.6914,6312,distilbert_autogrid/results/lr_3p0000e-07_r16_a128_ep3_wd_1p0000e-02,ok
3e-07,16,16.0,3,0.01,0.9,0.999,0.4908,0.7014,2104,0.4908,0.7,6312,distilbert_autogrid/results/lr_3p0000e-07_r16_a16_ep3_wd_1p0000e-02,ok
3e-07,16,32.0,3,0.1,0.9,0.999,0.4908,0.6993,2104,0.4908,0.6976,6312,distilbert_autogrid/results/lr_3p0000e-07_r16_a32_ep3_wd_1p0000e-01,ok
3e-07,16,8.0,3,0.01,0.9,0.999,0.4908,0.7032,2104,0.4908,0.7027,6312,distilbert_autogrid/results/lr_3p0000e-07_r16_a8_ep3_wd_1p0000e-02,ok
3e-07,32,8.0,3,0.0,0.9,0.999,0.4908,0.6944,2104,0.4862,0.6943,6312,distilbert_autogrid/results/lr_3p0000e-07_r32_a8_ep3_wd_0p0000e00,ok
3e-07,64,8.0,3,0.0,0.9,0.999,0.4908,0.696,2104,0.4908,0.6955,6312,distilbert_autogrid/results/lr_3p0000e-07_r64_a8_ep3_wd_0p0000e00,ok
3e-07,8,16.0,3,0.1,0.9,0.999,0.4908,0.6952,2104,0.4874,0.6944,6312,distilbert_autogrid/results/lr_3p0000e-07_r8_a16_ep3_wd_1p0000e-01,ok
3e-07,8,8.0,3,0.0,0.9,0.999,0.4908,0.7016,2104,0.4908,0.7011,6312,distilbert_autogrid/results/lr_3p0000e-07_r8_a8_ep3_wd_0p0000e00,ok
3e-07,8,8.0,3,0.01,0.9,0.999,0.4851,0.6955,4208,0.4851,0.6954,6312,distilbert_autogrid/results/lr_3p0000e-07_r8_a8_ep3_wd_1p0000e-02,ok
3e-07,8,32.0,3,0.0,0.9,0.999,0.4839,0.6953,6312,0.4839,0.6953,6312,distilbert_autogrid/results/lr_3p0000e-07_r8_a32_ep3_wd_0p0000e00,ok
3e-07,8,16.0,3,0.0,0.9,0.999,0.4817,0.6948,6312,0.4817,0.6948,6312,distilbert_autogrid/results/lr_3p0000e-07_r8_a16_ep3_wd_0p0000e00,ok
3e-07,16,32.0,3,0.0,0.9,0.999,0.4679,0.6955,6312,0.4679,0.6955,6312,distilbert_autogrid/results/lr_3p0000e-07_r16_a32_ep3_wd_0p0000e00,ok
3e-07,16,16.0,3,0.1,0.9,0.999,0.4656,0.6944,4208,0.4656,0.6943,6312,distilbert_autogrid/results/lr_3p0000e-07_r16_a16_ep3_wd_1p0000e-01,ok
3e-07,16,8.0,3,0.1,0.9,0.999,0.4633,0.6978,4208,0.4622,0.6977,6312,distilbert_autogrid/results/lr_3p0000e-07_r16_a8_ep3_wd_1p0000e-01,ok
3e-07,128,8.0,3,0.1,0.9,0.999,0.4576,0.6973,2104,0.4576,0.6972,6312,distilbert_autogrid/results/lr_3p0000e-07_r128_a8_ep3_wd_1p0000e-01,ok
3e-07,8,16.0,3,0.01,0.9,0.999,0.4461,0.6957,6312,0.4461,0.6957,6312,distilbert_autogrid/results/lr_3p0000e-07_r8_a16_ep3_wd_1p0000e-02,ok
3e-07,32,8.0,3,0.01,0.9,0.999,0.4427,0.6965,6312,0.4427,0.6965,6312,distilbert_autogrid/results/lr_3p0000e-07_r32_a8_ep3_wd_1p0000e-02,ok
