lr,lora_r,lora_alpha,weight_decay,max_steps,eval_every,sft_preset,sft_val_ratio,lora_type,best_eval_perplexity,best_eval_loss,best_iteration,last_eval_perplexity,last_eval_loss,last_iteration,post_peak_last_over_best,post_peak_tail_mean_over_best,metrics_dir,status
0.002,64,64.0,0.01,500,100,alpaca_train_1k,0.2,mlora,4.172635,1.428548,500,4.172635,1.428548,500,1.0,1.0,deepseek_autogrid/results_mlora_correlation_refine/lr_2p0000e-03_r64_a64_st500_wd_1p0000e-02,ok
0.002,64,32.0,0.01,500,100,alpaca_train_1k,0.2,mlora,4.489287,1.501694,500,4.489287,1.501694,500,1.0,1.0,deepseek_autogrid/results_mlora_correlation_refine/lr_2p0000e-03_r64_a32_st500_wd_1p0000e-02,ok
0.0013158664,64,64.0,0.01,500,100,alpaca_train_1k,0.2,mlora,4.642429,1.535238,100,5.638293,1.729581,500,1.2145135660663846,1.3517510445501697,deepseek_autogrid/results_mlora_correlation_refine/lr_1p3159e-03_r64_a64_st500_wd_1p0000e-02,ok
0.0016222617,16,64.0,0.01,500,100,alpaca_train_1k,0.2,mlora,4.651102,1.537104,100,5.272106,1.66243,500,1.1335176050750984,1.3004552469500779,deepseek_autogrid/results_mlora_correlation_refine/lr_1p6223e-03_r16_a64_st500_wd_1p0000e-02,ok
0.0013158664,16,64.0,0.01,500,100,alpaca_train_1k,0.2,mlora,4.659266,1.538858,100,5.81912,1.761149,500,1.2489349180750788,1.4797179426974123,deepseek_autogrid/results_mlora_correlation_refine/lr_1p3159e-03_r16_a64_st500_wd_1p0000e-02,ok
0.002,16,64.0,0.01,500,100,alpaca_train_1k,0.2,mlora,4.673626,1.541935,100,11.109883,2.407835,500,2.3771442130799514,1.8982610551683472,deepseek_autogrid/results_mlora_correlation_refine/lr_2p0000e-03_r16_a64_st500_wd_1p0000e-02,ok
0.0016222617,64,64.0,0.01,500,100,alpaca_train_1k,0.2,mlora,4.699898,1.547541,100,20.233349,3.007332,500,4.305061301330369,3.3556965491591524,deepseek_autogrid/results_mlora_correlation_refine/lr_1p6223e-03_r64_a64_st500_wd_1p0000e-02,ok
0.0016222617,16,32.0,0.01,500,100,alpaca_train_1k,0.2,mlora,4.704665,1.548555,100,6.509292,1.873231,500,1.3835824654890412,1.3053971135269165,deepseek_autogrid/results_mlora_correlation_refine/lr_1p6223e-03_r16_a32_st500_wd_1p0000e-02,ok
0.0005696072,16,64.0,0.01,500,100,alpaca_train_1k,0.2,mlora,4.707433,1.549143,200,5.282798,1.664456,500,1.1222247879045755,1.0769531929610043,deepseek_autogrid/results_mlora_correlation_refine/lr_5p6961e-04_r16_a64_st500_wd_1p0000e-02,ok
0.0010673398,16,64.0,0.01,500,100,alpaca_train_1k,0.2,mlora,4.709449,1.549571,100,6.697474,1.90173,500,1.422135370825759,1.4940310426973515,deepseek_autogrid/results_mlora_correlation_refine/lr_1p0673e-03_r16_a64_st500_wd_1p0000e-02,ok
0.0013158664,16,32.0,0.01,500,100,alpaca_train_1k,0.2,mlora,4.711626,1.550033,100,13.329162,2.589954,500,2.828994067016355,2.800903021589574,deepseek_autogrid/results_mlora_correlation_refine/lr_1p3159e-03_r16_a32_st500_wd_1p0000e-02,ok
0.0010673398,64,64.0,0.01,500,100,alpaca_train_1k,0.2,mlora,4.715921,1.550944,100,5.720182,1.744001,500,1.2129511923545795,1.285179130439208,deepseek_autogrid/results_mlora_correlation_refine/lr_1p0673e-03_r64_a64_st500_wd_1p0000e-02,ok
0.0013158664,64,32.0,0.01,500,100,alpaca_train_1k,0.2,mlora,4.720683,1.551953,100,8.568212,2.148059,500,1.815036510606622,1.4270357170773806,deepseek_autogrid/results_mlora_correlation_refine/lr_1p3159e-03_r64_a32_st500_wd_1p0000e-02,ok
0.0007022383,16,64.0,0.01,500,100,alpaca_train_1k,0.2,mlora,4.730579,1.554048,200,5.781448,1.754654,500,1.2221438432800722,1.2566323629024412,deepseek_autogrid/results_mlora_correlation_refine/lr_7p0224e-04_r16_a64_st500_wd_1p0000e-02,ok
0.0016222617,64,32.0,0.01,500,100,alpaca_train_1k,0.2,mlora,4.735171,1.555018,100,5.292155,1.666226,500,1.1176270086127829,1.19884160466433,deepseek_autogrid/results_mlora_correlation_refine/lr_1p6223e-03_r64_a32_st500_wd_1p0000e-02,ok
0.0005696072,64,64.0,0.01,500,100,alpaca_train_1k,0.2,mlora,4.73859,1.55574,200,6.26529,1.835025,500,1.32218444727229,1.2628539994667893,deepseek_autogrid/results_mlora_correlation_refine/lr_5p6961e-04_r64_a64_st500_wd_1p0000e-02,ok
0.0003747635,16,64.0,0.01,500,100,alpaca_train_1k,0.2,mlora,4.748683,1.557867,400,4.756605,1.559534,500,1.0016682520185072,1.0016682520185072,deepseek_autogrid/results_mlora_correlation_refine/lr_3p7476e-04_r16_a64_st500_wd_1p0000e-02,ok
0.0008657523,16,32.0,0.01,500,100,alpaca_train_1k,0.2,mlora,4.757298,1.55968,200,6.227389,1.828957,500,1.3090180602518489,1.2229676733865877,deepseek_autogrid/results_mlora_correlation_refine/lr_8p6575e-04_r16_a32_st500_wd_1p0000e-02,ok
0.002,16,32.0,0.01,500,100,alpaca_train_1k,0.2,mlora,4.758164,1.559862,100,5.887927,1.772904,500,1.2374367508139696,1.3179992324770649,deepseek_autogrid/results_mlora_correlation_refine/lr_2p0000e-03_r16_a32_st500_wd_1p0000e-02,ok
0.0008657523,16,64.0,0.01,500,100,alpaca_train_1k,0.2,mlora,4.759038,1.560045,100,8.625614,2.154736,500,1.8124700832395118,1.7779470346738142,deepseek_autogrid/results_mlora_correlation_refine/lr_8p6575e-04_r16_a64_st500_wd_1p0000e-02,ok
0.0007022383,16,32.0,0.01,500,100,alpaca_train_1k,0.2,mlora,4.760048,1.560258,200,5.100777,1.629393,500,1.0715810008638567,1.0524807032758212,deepseek_autogrid/results_mlora_correlation_refine/lr_7p0224e-04_r16_a32_st500_wd_1p0000e-02,ok
0.0007022383,64,32.0,0.01,500,100,alpaca_train_1k,0.2,mlora,4.763395,1.560961,200,5.226074,1.65366,500,1.0971321924803632,1.0743172324221133,deepseek_autogrid/results_mlora_correlation_refine/lr_7p0224e-04_r64_a32_st500_wd_1p0000e-02,ok
0.0008657523,64,32.0,0.01,500,100,alpaca_train_1k,0.2,mlora,4.763518,1.560987,200,6.486699,1.869754,500,1.3617454578737813,1.2739818204388715,deepseek_autogrid/results_mlora_correlation_refine/lr_8p6575e-04_r64_a32_st500_wd_1p0000e-02,ok
0.0004620259,64,64.0,0.01,500,100,alpaca_train_1k,0.2,mlora,4.7662,1.561549,200,5.128486,1.63481,500,1.0760114976291384,1.047190031982456,deepseek_autogrid/results_mlora_correlation_refine/lr_4p6203e-04_r64_a64_st500_wd_1p0000e-02,ok
0.0004620259,16,64.0,0.01,500,100,alpaca_train_1k,0.2,mlora,4.770281,1.562405,300,4.941434,1.597656,500,1.0358790184477602,1.027373335029949,deepseek_autogrid/results_mlora_correlation_refine/lr_4p6203e-04_r16_a64_st500_wd_1p0000e-02,ok
0.0003039822,16,64.0,0.01,500,100,alpaca_train_1k,0.2,mlora,4.776389,1.563685,500,4.776389,1.563685,500,1.0,1.0,deepseek_autogrid/results_mlora_correlation_refine/lr_3p0398e-04_r16_a64_st500_wd_1p0000e-02,ok
0.0005696072,16,32.0,0.01,500,100,alpaca_train_1k,0.2,mlora,4.777234,1.563862,400,4.812316,1.571178,500,1.0073435799879178,1.0073435799879178,deepseek_autogrid/results_mlora_correlation_refine/lr_5p6961e-04_r16_a32_st500_wd_1p0000e-02,ok
0.0008657523,64,64.0,0.01,500,100,alpaca_train_1k,0.2,mlora,4.782113,1.564883,100,8.876113,2.183364,500,1.8561069134083616,1.5684326677349532,deepseek_autogrid/results_mlora_correlation_refine/lr_8p6575e-04_r64_a64_st500_wd_1p0000e-02,ok
0.0003747635,64,64.0,0.01,500,100,alpaca_train_1k,0.2,mlora,4.784566,1.565395,300,4.812279,1.571171,500,1.0057921658934166,1.0222371564854875,deepseek_autogrid/results_mlora_correlation_refine/lr_3p7476e-04_r64_a64_st500_wd_1p0000e-02,ok
0.0005696072,64,32.0,0.01,500,100,alpaca_train_1k,0.2,mlora,4.796411,1.567868,300,4.86763,1.582607,500,1.014848393934548,1.0105895845873092,deepseek_autogrid/results_mlora_correlation_refine/lr_5p6961e-04_r64_a32_st500_wd_1p0000e-02,ok
0.0004620259,16,32.0,0.01,500,100,alpaca_train_1k,0.2,mlora,4.79891,1.568389,400,4.802282,1.569091,500,1.0007026595622754,1.0007026595622754,deepseek_autogrid/results_mlora_correlation_refine/lr_4p6203e-04_r16_a32_st500_wd_1p0000e-02,ok
0.0003039822,64,64.0,0.01,500,100,alpaca_train_1k,0.2,mlora,4.803372,1.569318,400,4.805648,1.569792,500,1.0004738337984231,1.0004738337984231,deepseek_autogrid/results_mlora_correlation_refine/lr_3p0398e-04_r64_a64_st500_wd_1p0000e-02,ok
0.0003747635,64,32.0,0.01,500,100,alpaca_train_1k,0.2,mlora,4.803949,1.569438,500,4.803949,1.569438,500,1.0,1.0,deepseek_autogrid/results_mlora_correlation_refine/lr_3p7476e-04_r64_a32_st500_wd_1p0000e-02,ok
0.0003747635,16,32.0,0.01,500,100,alpaca_train_1k,0.2,mlora,4.80408,1.569465,500,4.80408,1.569465,500,1.0,1.0,deepseek_autogrid/results_mlora_correlation_refine/lr_3p7476e-04_r16_a32_st500_wd_1p0000e-02,ok
0.0004620259,64,32.0,0.01,500,100,alpaca_train_1k,0.2,mlora,4.804329,1.569517,400,4.81761,1.572278,500,1.0027643818730982,1.0027643818730982,deepseek_autogrid/results_mlora_correlation_refine/lr_4p6203e-04_r64_a32_st500_wd_1p0000e-02,ok
0.0010673398,16,32.0,0.01,500,100,alpaca_train_1k,0.2,mlora,4.811094,1.570925,100,6.113325,1.810471,500,1.2706725331078546,1.29764155512239,deepseek_autogrid/results_mlora_correlation_refine/lr_1p0673e-03_r16_a32_st500_wd_1p0000e-02,ok
0.0010673398,64,32.0,0.01,500,100,alpaca_train_1k,0.2,mlora,4.816274,1.572001,100,7.596386,2.027673,500,1.5772329398202842,1.462498863229127,deepseek_autogrid/results_mlora_correlation_refine/lr_1p0673e-03_r64_a32_st500_wd_1p0000e-02,ok
0.0002465693,16,64.0,0.01,500,100,alpaca_train_1k,0.2,mlora,4.826251,1.57407,500,4.826251,1.57407,500,1.0,1.0,deepseek_autogrid/results_mlora_correlation_refine/lr_2p4657e-04_r16_a64_st500_wd_1p0000e-02,ok
0.0002465693,64,64.0,0.01,500,100,alpaca_train_1k,0.2,mlora,4.835368,1.575957,500,4.835368,1.575957,500,1.0,1.0,deepseek_autogrid/results_mlora_correlation_refine/lr_2p4657e-04_r64_a64_st500_wd_1p0000e-02,ok
0.0007022383,64,64.0,0.01,500,100,alpaca_train_1k,0.2,mlora,4.860639,1.58117,100,6.667285,1.897213,500,1.371688989863267,1.2740854134610695,deepseek_autogrid/results_mlora_correlation_refine/lr_7p0224e-04_r64_a64_st500_wd_1p0000e-02,ok
0.0003039822,16,32.0,0.01,500,100,alpaca_train_1k,0.2,mlora,4.918617,1.593027,500,4.918617,1.593027,500,1.0,1.0,deepseek_autogrid/results_mlora_correlation_refine/lr_3p0398e-04_r16_a32_st500_wd_1p0000e-02,ok
0.0003039822,64,32.0,0.01,500,100,alpaca_train_1k,0.2,mlora,4.918798,1.593064,500,4.918798,1.593064,500,1.0,1.0,deepseek_autogrid/results_mlora_correlation_refine/lr_3p0398e-04_r64_a32_st500_wd_1p0000e-02,ok
0.0002,16,64.0,0.01,500,100,alpaca_train_1k,0.2,mlora,4.964673,1.602348,500,4.964673,1.602348,500,1.0,1.0,deepseek_autogrid/results_mlora_correlation_refine/lr_2p0000e-04_r16_a64_st500_wd_1p0000e-02,ok
0.0002,64,64.0,0.01,500,100,alpaca_train_1k,0.2,mlora,4.969963,1.603412,500,4.969963,1.603412,500,1.0,1.0,deepseek_autogrid/results_mlora_correlation_refine/lr_2p0000e-04_r64_a64_st500_wd_1p0000e-02,ok
0.0002465693,16,32.0,0.01,500,100,alpaca_train_1k,0.2,mlora,5.071323,1.623602,500,5.071323,1.623602,500,1.0,1.0,deepseek_autogrid/results_mlora_correlation_refine/lr_2p4657e-04_r16_a32_st500_wd_1p0000e-02,ok
0.0002465693,64,32.0,0.01,500,100,alpaca_train_1k,0.2,mlora,5.072305,1.623795,500,5.072305,1.623795,500,1.0,1.0,deepseek_autogrid/results_mlora_correlation_refine/lr_2p4657e-04_r64_a32_st500_wd_1p0000e-02,ok
0.0002,16,32.0,0.01,500,100,alpaca_train_1k,0.2,mlora,5.241315,1.656572,500,5.241315,1.656572,500,1.0,1.0,deepseek_autogrid/results_mlora_correlation_refine/lr_2p0000e-04_r16_a32_st500_wd_1p0000e-02,ok
0.0002,64,32.0,0.01,500,100,alpaca_train_1k,0.2,mlora,5.244316,1.657145,500,5.244316,1.657145,500,1.0,1.0,deepseek_autogrid/results_mlora_correlation_refine/lr_2p0000e-04_r64_a32_st500_wd_1p0000e-02,ok
