iteration,train_loss,train_accuracy
50,0.6920,0.5125
100,0.6906,0.5375
150,0.6860,0.5535
200,0.6477,0.6030
250,0.5920,0.6512
300,0.5525,0.6854
350,0.5214,0.7117
400,0.4972,0.7299
450,0.4748,0.7460
500,0.4574,0.7591
550,0.4404,0.7712
600,0.4268,0.7811
650,0.4141,0.7902
700,0.4028,0.7983
750,0.3931,0.8048
800,0.3854,0.8101
850,0.3761,0.8164
900,0.3702,0.8210
950,0.3646,0.8250
1000,0.3599,0.8285
1050,0.3558,0.8312
1100,0.3507,0.8346
1150,0.3472,0.8371
1200,0.3443,0.8391
1250,0.3411,0.8418
1300,0.3387,0.8436
1350,0.3367,0.8450
1400,0.3346,0.8464
1450,0.3326,0.8480
1500,0.3304,0.8496
1550,0.3277,0.8511
1600,0.3255,0.8526
1650,0.3238,0.8536
1700,0.3217,0.8548
1750,0.3200,0.8557
1800,0.3184,0.8568
1850,0.3171,0.8577
1900,0.3156,0.8586
1950,0.3144,0.8596
2000,0.3127,0.8606
2050,0.3114,0.8616
2100,0.3100,0.8624
2150,0.2256,0.9158
2200,0.2309,0.9095
2250,0.2261,0.9110
2300,0.2212,0.9134
2350,0.2277,0.9110
2400,0.2325,0.9092
2450,0.2337,0.9080
2500,0.2299,0.9097
2550,0.2275,0.9112
2600,0.2269,0.9116
2650,0.2266,0.9117
2700,0.2231,0.9129
2750,0.2233,0.9129
2800,0.2249,0.9117
2850,0.2244,0.9122
2900,0.2260,0.9114
2950,0.2241,0.9121
3000,0.2237,0.9122
3050,0.2241,0.9122
3100,0.2249,0.9119
3150,0.2257,0.9117
3200,0.2259,0.9115
3250,0.2259,0.9116
3300,0.2275,0.9109
3350,0.2280,0.9106
3400,0.2277,0.9104
3450,0.2275,0.9105
3500,0.2268,0.9109
3550,0.2262,0.9113
3600,0.2266,0.9110
3650,0.2258,0.9115
3700,0.2251,0.9120
3750,0.2249,0.9121
3800,0.2248,0.9121
3850,0.2241,0.9124
3900,0.2249,0.9120
3950,0.2249,0.9121
4000,0.2244,0.9122
4050,0.2242,0.9123
4100,0.2245,0.9120
4150,0.2243,0.9123
4200,0.2247,0.9121
4250,0.2169,0.9152
4300,0.2156,0.9141
4350,0.2005,0.9214
4400,0.1974,0.9230
4450,0.1974,0.9238
4500,0.1944,0.9247
4550,0.1952,0.9236
4600,0.1960,0.9229
4650,0.1958,0.9226
4700,0.1983,0.9213
4750,0.1997,0.9208
4800,0.2001,0.9208
4850,0.2003,0.9214
4900,0.2026,0.9205
4950,0.2034,0.9201
5000,0.2035,0.9201
5050,0.2044,0.9201
5100,0.2040,0.9207
5150,0.2037,0.9209
5200,0.2029,0.9211
5250,0.2042,0.9204
5300,0.2037,0.9204
5350,0.2038,0.9205
5400,0.2036,0.9206
5450,0.2039,0.9207
5500,0.2038,0.9205
5550,0.2040,0.9205
5600,0.2041,0.9204
5650,0.2040,0.9205
5700,0.2036,0.9207
5750,0.2036,0.9208
5800,0.2038,0.9208
5850,0.2040,0.9208
5900,0.2033,0.9210
5950,0.2037,0.9208
6000,0.2042,0.9206
6050,0.2040,0.9207
6100,0.2038,0.9206
6150,0.2034,0.9208
6200,0.2034,0.9208
6250,0.2031,0.9210
6300,0.2034,0.9208
6350,0.1599,0.9433
6400,0.1648,0.9368
6450,0.1663,0.9343
6500,0.1657,0.9360
6550,0.1646,0.9370
6600,0.1665,0.9365
6650,0.1691,0.9363
6700,0.1722,0.9350
6750,0.1719,0.9354
6800,0.1689,0.9365
6850,0.1693,0.9359
6900,0.1695,0.9355
6950,0.1684,0.9363
7000,0.1687,0.9365
7050,0.1700,0.9357
7100,0.1704,0.9354
7150,0.1708,0.9354
7200,0.1710,0.9353
7250,0.1722,0.9346
7300,0.1737,0.9340
7350,0.1731,0.9345
7400,0.1748,0.9337
7450,0.1757,0.9334
7500,0.1758,0.9334
7550,0.1759,0.9335
7600,0.1752,0.9342
7650,0.1754,0.9341
7700,0.1752,0.9344
7750,0.1749,0.9344
7800,0.1745,0.9344
7850,0.1750,0.9341
7900,0.1747,0.9342
7950,0.1747,0.9343
8000,0.1743,0.9345
8050,0.1737,0.9349
8100,0.1739,0.9348
8150,0.1739,0.9347
8200,0.1743,0.9346
8250,0.1739,0.9349
8300,0.1738,0.9350
8350,0.1733,0.9353
8400,0.1728,0.9356
8450,0.1333,0.9522
8500,0.1383,0.9513
8550,0.1420,0.9499
8600,0.1404,0.9499
8650,0.1425,0.9487
8700,0.1401,0.9496
8750,0.1383,0.9500
8800,0.1395,0.9497
8850,0.1420,0.9483
8900,0.1432,0.9476
8950,0.1419,0.9480
9000,0.1422,0.9482
9050,0.1440,0.9468
9100,0.1438,0.9469
9150,0.1444,0.9468
9200,0.1448,0.9464
9250,0.1441,0.9469
9300,0.1442,0.9469
9350,0.1444,0.9467
9400,0.1443,0.9468
9450,0.1442,0.9465
9500,0.1435,0.9468
9550,0.1434,0.9470
9600,0.1434,0.9471
9650,0.1434,0.9471
9700,0.1437,0.9470
9750,0.1441,0.9471
9800,0.1437,0.9472
9850,0.1438,0.9471
9900,0.1440,0.9469
9950,0.1443,0.9469
10000,0.1442,0.9468
10050,0.1438,0.9469
10100,0.1434,0.9473
10150,0.1429,0.9475
10200,0.1430,0.9475
10250,0.1427,0.9476
10300,0.1428,0.9474
10350,0.1435,0.9471
10400,0.1432,0.9472
10450,0.1431,0.9473
10500,0.1437,0.9472
10550,0.1142,0.9656
10600,0.0996,0.9711
10650,0.1121,0.9651
10700,0.1150,0.9632
10750,0.1123,0.9641
10800,0.1118,0.9636
10850,0.1134,0.9635
10900,0.1127,0.9636
10950,0.1127,0.9632
11000,0.1129,0.9626
11050,0.1118,0.9630
11100,0.1132,0.9627
11150,0.1129,0.9626
11200,0.1120,0.9630
11250,0.1119,0.9627
11300,0.1128,0.9623
11350,0.1142,0.9614
11400,0.1133,0.9619
11450,0.1137,0.9618
11500,0.1143,0.9616
11550,0.1149,0.9612
11600,0.1157,0.9607
11650,0.1160,0.9606
11700,0.1165,0.9606
11750,0.1172,0.9601
11800,0.1172,0.9601
11850,0.1175,0.9601
11900,0.1171,0.9603
11950,0.1173,0.9601
12000,0.1171,0.9599
12050,0.1172,0.9599
12100,0.1179,0.9596
12150,0.1178,0.9595
12200,0.1181,0.9593
12250,0.1178,0.9593
12300,0.1183,0.9592
12350,0.1185,0.9591
12400,0.1180,0.9593
12450,0.1175,0.9595
12500,0.1177,0.9594
12550,0.1173,0.9596
12600,0.1176,0.9594
12650,0.1219,0.9579
12700,0.1112,0.9605
12750,0.1047,0.9638
12800,0.1036,0.9645
12850,0.0994,0.9652
12900,0.0979,0.9660
12950,0.0979,0.9659
13000,0.0947,0.9674
13050,0.0945,0.9676
13100,0.0943,0.9676
13150,0.0942,0.9678
13200,0.0944,0.9677
13250,0.0941,0.9680
13300,0.0946,0.9675
13350,0.0946,0.9678
13400,0.0945,0.9680
13450,0.0945,0.9680
13500,0.0944,0.9679
13550,0.0941,0.9680
13600,0.0935,0.9683
13650,0.0937,0.9686
13700,0.0925,0.9689
13750,0.0930,0.9688
13800,0.0932,0.9686
13850,0.0930,0.9687
13900,0.0924,0.9691
13950,0.0930,0.9689
14000,0.0929,0.9690
14050,0.0933,0.9689
14100,0.0934,0.9689
14150,0.0929,0.9690
14200,0.0931,0.9690
14250,0.0932,0.9689
14300,0.0932,0.9689
14350,0.0930,0.9689
14400,0.0927,0.9691
14450,0.0927,0.9691
14500,0.0924,0.9693
14550,0.0929,0.9690
14600,0.0927,0.9690
14650,0.0924,0.9690
14700,0.0925,0.9691
14750,0.0669,0.9773
14800,0.0774,0.9757
14850,0.0801,0.9752
14900,0.0756,0.9769
14950,0.0742,0.9772
15000,0.0742,0.9769
15050,0.0737,0.9767
15100,0.0723,0.9772
15150,0.0733,0.9764
15200,0.0744,0.9762
15250,0.0728,0.9766
15300,0.0739,0.9762
15350,0.0754,0.9756
15400,0.0748,0.9761
15450,0.0753,0.9760
15500,0.0754,0.9758
15550,0.0755,0.9757
15600,0.0752,0.9758
15650,0.0753,0.9759
15700,0.0752,0.9759
15750,0.0759,0.9756
15800,0.0760,0.9757
15850,0.0754,0.9759
15900,0.0754,0.9759
15950,0.0756,0.9759
16000,0.0755,0.9759
16050,0.0752,0.9760
16100,0.0754,0.9759
16150,0.0754,0.9759
16200,0.0750,0.9761
16250,0.0750,0.9761
16300,0.0753,0.9760
16350,0.0750,0.9760
16400,0.0753,0.9760
16450,0.0751,0.9760
16500,0.0752,0.9760
16550,0.0752,0.9760
16600,0.0754,0.9759
16650,0.0752,0.9760
16700,0.0753,0.9759
16750,0.0757,0.9757
16800,0.0755,0.9757
